1.1.1.0	1.1.1.255	13335	US	CLOUDFLARENET - Cloudflare, Inc.
8.8.4.0	8.8.4.255	15169	US	GOOGLE - Google LLC
8.8.8.0	8.8.8.255	15169	US	GOOGLE - Google LLC
8.34.208.0	8.34.215.255	15169	US	GOOGLE - Google LLC
8.34.216.0	8.34.223.255	15169	US	GOOGLE - Google LLC
8.35.192.0	8.35.199.255	15169	US	GOOGLE - Google LLC
8.35.200.0	8.35.207.255	15169	US	GOOGLE - Google LLC
23.227.63.0	23.227.63.255	13335	US	CLOUDFLARENET - Cloudflare, Inc.
23.228.128.0	23.228.191.255	16591	US	GOOGLE-FIBER - Google Fiber Inc.
23.236.48.0	23.236.63.255	15169	US	GOOGLE - Google LLC
23.251.128.0	23.251.159.255	15169	US	GOOGLE - Google LLC
23.255.128.0	23.255.255.255	16591	US	GOOGLE-FIBER - Google Fiber Inc.
34.64.0.0	34.67.255.255	15169	US	GOOGLE - Google LLC
34.68.0.0	34.71.255.255	15169	US	GOOGLE - Google LLC
34.72.0.0	34.75.255.255	15169	US	GOOGLE - Google LLC
34.76.0.0	34.79.255.255	15169	US	GOOGLE - Google LLC
34.80.0.0	34.83.255.255	15169	US	GOOGLE - Google LLC
34.84.0.0	34.87.255.255	15169	US	GOOGLE - Google LLC
34.88.0.0	34.91.255.255	15169	US	GOOGLE - Google LLC
34.92.0.0	34.95.255.255	15169	US	GOOGLE - Google LLC
34.96.0.0	34.99.255.255	15169	US	GOOGLE - Google LLC
34.100.0.0	34.103.255.255	15169	US	GOOGLE - Google LLC
34.104.0.0	34.107.255.255	15169	US	GOOGLE - Google LLC
34.108.0.0	34.111.255.255	15169	US	GOOGLE - Google LLC
34.112.0.0	34.115.255.255	19527	US	GOOGLE-2 - Google LLC
34.116.0.0	34.119.255.255	19527	US	GOOGLE-2 - Google LLC
34.120.0.0	34.123.255.255	19527	US	GOOGLE-2 - Google LLC
34.124.0.0	34.127.255.255	19527	US	GOOGLE-2 - Google LLC
35.184.0.0	35.184.31.255	15169	US	GOOGLE - Google LLC
35.184.32.0	35.184.63.255	15169	US	GOOGLE - Google LLC
35.184.64.0	35.184.95.255	15169	US	GOOGLE - Google LLC
35.184.96.0	35.184.127.255	15169	US	GOOGLE - Google LLC
35.184.128.0	35.184.159.255	15169	US	GOOGLE - Google LLC
35.184.160.0	35.184.191.255	15169	US	GOOGLE - Google LLC
35.184.192.0	35.184.223.255	15169	US	GOOGLE - Google LLC
35.184.224.0	35.184.255.255	15169	US	GOOGLE - Google LLC
35.185.0.0	35.185.31.255	15169	US	GOOGLE - Google LLC
35.185.32.0	35.185.63.255	15169	US	GOOGLE - Google LLC
35.185.64.0	35.185.95.255	15169	US	GOOGLE - Google LLC
35.185.96.0	35.185.127.255	15169	US	GOOGLE - Google LLC
35.185.128.0	35.185.159.255	15169	US	GOOGLE - Google LLC
35.185.160.0	35.185.191.255	15169	US	GOOGLE - Google LLC
35.185.192.0	35.185.223.255	15169	US	GOOGLE - Google LLC
35.185.224.0	35.185.255.255	15169	US	GOOGLE - Google LLC
35.186.0.0	35.186.31.255	15169	US	GOOGLE - Google LLC
35.186.32.0	35.186.63.255	15169	US	GOOGLE - Google LLC
35.186.64.0	35.186.95.255	15169	US	GOOGLE - Google LLC
35.186.96.0	35.186.127.255	15169	US	GOOGLE - Google LLC
35.186.128.0	35.186.159.255	15169	US	GOOGLE - Google LLC
35.186.160.0	35.186.191.255	15169	US	GOOGLE - Google LLC
35.186.192.0	35.186.255.255	15169	US	GOOGLE - Google LLC
35.187.0.0	35.187.31.255	15169	US	GOOGLE - Google LLC
35.187.32.0	35.187.63.255	15169	US	GOOGLE - Google LLC
35.187.64.0	35.187.95.255	15169	US	GOOGLE - Google LLC
35.187.96.0	35.187.127.255	15169	US	GOOGLE - Google LLC
35.187.128.0	35.187.159.255	15169	US	GOOGLE - Google LLC
35.187.160.0	35.187.191.255	15169	US	GOOGLE - Google LLC
35.187.192.0	35.187.223.255	15169	US	GOOGLE - Google LLC
35.187.224.0	35.187.255.255	15169	US	GOOGLE - Google LLC
35.188.0.0	35.188.31.255	15169	US	GOOGLE - Google LLC
35.188.32.0	35.188.63.255	15169	US	GOOGLE - Google LLC
35.188.64.0	35.188.95.255	15169	US	GOOGLE - Google LLC
35.188.96.0	35.188.127.255	15169	US	GOOGLE - Google LLC
35.188.128.0	35.188.159.255	15169	US	GOOGLE - Google LLC
35.188.160.0	35.188.191.255	15169	US	GOOGLE - Google LLC
35.188.192.0	35.188.223.255	15169	US	GOOGLE - Google LLC
35.188.224.0	35.188.255.255	15169	US	GOOGLE - Google LLC
35.189.0.0	35.189.31.255	15169	US	GOOGLE - Google LLC
35.189.32.0	35.189.63.255	15169	US	GOOGLE - Google LLC
35.189.64.0	35.189.95.255	15169	US	GOOGLE - Google LLC
35.189.96.0	35.189.127.255	15169	US	GOOGLE - Google LLC
35.189.128.0	35.189.159.255	15169	US	GOOGLE - Google LLC
35.189.160.0	35.189.191.255	15169	US	GOOGLE - Google LLC
35.189.192.0	35.189.223.255	15169	US	GOOGLE - Google LLC
35.189.224.0	35.189.255.255	15169	US	GOOGLE - Google LLC
35.190.0.0	35.190.127.255	15169	US	GOOGLE - Google LLC
35.190.128.0	35.190.159.255	15169	US	GOOGLE - Google LLC
35.190.160.0	35.190.191.255	15169	US	GOOGLE - Google LLC
35.190.192.0	35.190.223.255	15169	US	GOOGLE - Google LLC
35.190.224.0	35.190.255.255	15169	US	GOOGLE - Google LLC
35.191.0.0	35.191.255.255	15169	US	GOOGLE - Google LLC
35.192.0.0	35.195.255.255	15169	US	GOOGLE - Google LLC
35.196.0.0	35.197.255.255	15169	US	GOOGLE - Google LLC
35.198.0.0	35.198.255.255	15169	US	GOOGLE - Google LLC
35.199.0.0	35.199.127.255	15169	US	GOOGLE - Google LLC
35.199.128.0	35.199.191.255	15169	US	GOOGLE - Google LLC
35.200.0.0	35.203.255.255	15169	US	GOOGLE - Google LLC
35.204.0.0	35.205.255.255	15169	US	GOOGLE - Google LLC
35.206.0.0	35.206.0.255	19527	US	GOOGLE-2 - Google LLC
35.206.1.0	35.206.1.255	19527	US	GOOGLE-2 - Google LLC
35.206.2.0	35.206.2.255	19527	US	GOOGLE-2 - Google LLC
35.206.3.0	35.206.3.255	19527	US	GOOGLE-2 - Google LLC
35.206.4.0	35.206.4.255	19527	US	GOOGLE-2 - Google LLC
35.206.5.0	35.206.5.255	19527	US	GOOGLE-2 - Google LLC
35.206.6.0	35.206.6.255	19527	US	GOOGLE-2 - Google LLC
35.206.7.0	35.206.7.255	19527	US	GOOGLE-2 - Google LLC
35.206.8.0	35.206.31.255	19527	US	GOOGLE-2 - Google LLC
35.206.32.0	35.206.63.255	19527	US	GOOGLE-2 - Google LLC
35.206.64.0	35.206.127.255	19527	US	GOOGLE-2 - Google LLC
35.206.128.0	35.206.191.255	19527	US	GOOGLE-2 - Google LLC
35.206.192.0	35.206.255.255	19527	US	GOOGLE-2 - Google LLC
35.207.0.0	35.207.63.255	19527	US	GOOGLE-2 - Google LLC
35.207.64.0	35.207.127.255	19527	US	GOOGLE-2 - Google LLC
35.207.128.0	35.207.191.255	19527	US	GOOGLE-2 - Google LLC
35.207.192.0	35.207.255.255	19527	US	GOOGLE-2 - Google LLC
35.208.0.0	35.209.255.255	19527	US	GOOGLE-2 - Google LLC
35.210.0.0	35.210.255.255	19527	US	GOOGLE-2 - Google LLC
35.211.0.0	35.211.255.255	19527	US	GOOGLE-2 - Google LLC
35.212.0.0	35.212.127.255	19527	US	GOOGLE-2 - Google LLC
35.212.128.0	35.212.255.255	19527	US	GOOGLE-2 - Google LLC
35.213.0.0	35.213.127.255	19527	US	GOOGLE-2 - Google LLC
35.213.128.0	35.213.191.255	19527	US	GOOGLE-2 - Google LLC
35.213.192.0	35.213.255.255	19527	US	GOOGLE-2 - Google LLC
35.214.0.0	35.214.127.255	19527	US	GOOGLE-2 - Google LLC
35.214.128.0	35.214.255.255	19527	US	GOOGLE-2 - Google LLC
35.215.0.0	35.215.63.255	19527	US	GOOGLE-2 - Google LLC
35.215.64.0	35.215.127.255	19527	US	GOOGLE-2 - Google LLC
35.215.128.0	35.215.191.255	19527	US	GOOGLE-2 - Google LLC
35.215.192.0	35.215.255.255	19527	US	GOOGLE-2 - Google LLC
35.216.0.0	35.216.127.255	19527	US	GOOGLE-2 - Google LLC
35.216.128.0	35.216.255.255	19527	US	GOOGLE-2 - Google LLC
35.217.0.0	35.219.255.255	19527	US	GOOGLE-2 - Google LLC
35.220.0.0	35.223.255.255	15169	US	GOOGLE - Google LLC
35.224.0.0	35.227.255.255	15169	US	GOOGLE - Google LLC
35.228.0.0	35.231.255.255	15169	US	GOOGLE - Google LLC
35.232.0.0	35.235.255.255	15169	US	GOOGLE - Google LLC
35.236.0.0	35.239.255.255	15169	US	GOOGLE - Google LLC
35.240.0.0	35.243.255.255	15169	US	GOOGLE - Google LLC
35.244.0.0	35.247.255.255	15169	US	GOOGLE - Google LLC
41.222.150.0	41.222.150.255	36492	US	GOOGLEWIFI - Google, LLC
45.56.0.0	45.56.63.255	16591	US	GOOGLE-FIBER - Google Fiber Inc.
64.9.224.0	64.9.225.255	36492	US	GOOGLEWIFI - Google, LLC
64.9.227.0	64.9.227.255	36492	US	GOOGLEWIFI - Google, LLC
64.9.228.0	64.9.229.255	36492	US	GOOGLEWIFI - Google, LLC
64.9.232.0	64.9.235.255	36492	US	GOOGLEWIFI - Google, LLC
64.9.236.0	64.9.239.255	36492	US	GOOGLEWIFI - Google, LLC
64.9.240.0	64.9.240.255	36492	US	GOOGLEWIFI - Google, LLC
64.9.241.0	64.9.241.255	36492	US	GOOGLEWIFI - Google, LLC
64.9.242.0	64.9.242.255	36492	US	GOOGLEWIFI - Google, LLC
64.9.243.0	64.9.243.255	36492	US	GOOGLEWIFI - Google, LLC
64.9.244.0	64.9.247.255	36492	US	GOOGLEWIFI - Google, LLC
64.9.248.0	64.9.251.255	36492	US	GOOGLEWIFI - Google, LLC
64.9.252.0	64.9.255.255	36492	US	GOOGLEWIFI - Google, LLC
64.18.0.0	64.18.1.255	394699	US	GOOGLE-ACCESS-NYC - Google Access LLC
64.68.192.0	64.68.192.255	13335	US	CLOUDFLARENET - Cloudflare, Inc.
64.233.160.0	64.233.160.255	15169	US	GOOGLE - Google LLC
64.233.161.0	64.233.161.255	15169	US	GOOGLE - Google LLC
64.233.162.0	64.233.162.255	15169	US	GOOGLE - Google LLC
64.233.163.0	64.233.163.255	15169	US	GOOGLE - Google LLC
64.233.164.0	64.233.164.255	15169	US	GOOGLE - Google LLC
64.233.165.0	64.233.165.255	15169	US	GOOGLE - Google LLC
64.233.166.0	64.233.166.255	15169	US	GOOGLE - Google LLC
64.233.167.0	64.233.167.255	15169	US	GOOGLE - Google LLC
64.233.168.0	64.233.168.255	15169	US	GOOGLE - Google LLC
64.233.169.0	64.233.169.255	15169	US	GOOGLE - Google LLC
64.233.170.0	64.233.170.255	15169	US	GOOGLE - Google LLC
64.233.171.0	64.233.171.255	15169	US	GOOGLE - Google LLC
64.233.172.0	64.233.173.255	15169	US	GOOGLE - Google LLC
64.233.174.0	64.233.175.255	15169	US	GOOGLE - Google LLC
64.233.176.0	64.233.176.255	15169	US	GOOGLE - Google LLC
64.233.177.0	64.233.177.255	15169	US	GOOGLE - Google LLC
64.233.178.0	64.233.178.255	15169	US	GOOGLE - Google LLC
64.233.179.0	64.233.179.255	15169	US	GOOGLE - Google LLC
64.233.180.0	64.233.180.255	15169	US	GOOGLE - Google LLC
64.233.181.0	64.233.181.255	15169	US	GOOGLE - Google LLC
64.233.182.0	64.233.182.255	15169	US	GOOGLE - Google LLC
64.233.183.0	64.233.183.255	15169	US	GOOGLE - Google LLC
64.233.184.0	64.233.184.255	15169	US	GOOGLE - Google LLC
64.233.185.0	64.233.185.255	15169	US	GOOGLE - Google LLC
64.233.186.0	64.233.186.255	15169	US	GOOGLE - Google LLC
64.233.187.0	64.233.187.255	15169	US	GOOGLE - Google LLC
64.233.188.0	64.233.188.255	15169	US	GOOGLE - Google LLC
64.233.189.0	64.233.189.255	15169	US	GOOGLE - Google LLC
64.233.190.0	64.233.190.255	15169	US	GOOGLE - Google LLC
64.233.191.0	64.233.191.255	15169	US	GOOGLE - Google LLC
66.102.0.0	66.102.0.255	15169	US	GOOGLE - Google LLC
66.102.1.0	66.102.1.255	15169	US	GOOGLE - Google LLC
66.102.2.0	66.102.2.255	15169	US	GOOGLE - Google LLC
66.102.3.0	66.102.3.255	15169	US	GOOGLE - Google LLC
66.102.4.0	66.102.4.255	15169	US	GOOGLE - Google LLC
66.102.5.0	66.102.7.255	15169	US	GOOGLE - Google LLC
66.102.8.0	66.102.9.255	15169	US	GOOGLE - Google LLC
66.102.10.0	66.102.11.255	15169	US	GOOGLE - Google LLC
66.102.12.0	66.102.12.255	15169	US	GOOGLE - Google LLC
66.102.13.0	66.102.15.255	15169	US	GOOGLE - Google LLC
66.235.200.0	66.235.200.255	13335	US	CLOUDFLARENET - Cloudflare, Inc.
66.249.64.0	66.249.79.255	15169	US	GOOGLE - Google LLC
66.249.80.0	66.249.83.255	15169	US	GOOGLE - Google LLC
66.249.84.0	66.249.85.255	15169	US	GOOGLE - Google LLC
66.249.86.0	66.249.87.255	15169	US	GOOGLE - Google LLC
66.249.88.0	66.249.88.255	15169	US	GOOGLE - Google LLC
66.249.89.0	66.249.95.255	15169	US	GOOGLE - Google LLC
70.32.128.0	70.32.128.255	15169	US	GOOGLE - Google LLC
70.32.129.0	70.32.129.255	15169	US	GOOGLE - Google LLC
70.32.130.0	70.32.130.255	15169	US	GOOGLE - Google LLC
70.32.131.0	70.32.131.255	15169	US	GOOGLE - Google LLC
70.32.132.0	70.32.132.255	395973	US	GOOGLE-2 - Google LLC
70.32.133.0	70.32.135.255	15169	US	GOOGLE - Google LLC
70.32.136.0	70.32.136.255	395973	US	GOOGLE-2 - Google LLC
70.32.137.0	70.32.144.255	15169	US	GOOGLE - Google LLC
70.32.145.0	70.32.145.255	15169	US	GOOGLE - Google LLC
70.32.146.0	70.32.147.255	15169	US	GOOGLE - Google LLC
70.32.148.0	70.32.159.255	15169	US	GOOGLE - Google LLC
72.14.192.0	72.14.255.255	15169	US	GOOGLE - Google LLC
74.114.24.0	74.114.31.255	15169	US	GOOGLE - Google LLC
74.125.0.0	74.125.5.255	15169	US	GOOGLE - Google LLC
74.125.6.0	74.125.6.255	15169	US	GOOGLE - Google LLC
74.125.7.0	74.125.15.255	15169	US	GOOGLE - Google LLC
74.125.16.0	74.125.19.255	15169	US	GOOGLE - Google LLC
74.125.20.0	74.125.20.255	15169	US	GOOGLE - Google LLC
74.125.21.0	74.125.21.255	15169	US	GOOGLE - Google LLC
74.125.22.0	74.125.22.255	15169	US	GOOGLE - Google LLC
74.125.23.0	74.125.23.255	15169	US	GOOGLE - Google LLC
74.125.24.0	74.125.24.255	15169	US	GOOGLE - Google LLC
74.125.25.0	74.125.26.255	15169	US	GOOGLE - Google LLC
74.125.27.0	74.125.27.255	15169	US	GOOGLE - Google LLC
74.125.28.0	74.125.28.255	15169	US	GOOGLE - Google LLC
74.125.29.0	74.125.29.255	15169	US	GOOGLE - Google LLC
74.125.30.0	74.125.30.255	15169	US	GOOGLE - Google LLC
74.125.31.0	74.125.31.255	15169	US	GOOGLE - Google LLC
74.125.32.0	74.125.38.255	15169	US	GOOGLE - Google LLC
74.125.39.0	74.125.39.255	15169	US	GOOGLE - Google LLC
74.125.40.0	74.125.43.255	15169	US	GOOGLE - Google LLC
74.125.44.0	74.125.47.255	15169	US	GOOGLE - Google LLC
74.125.48.0	74.125.67.255	15169	US	GOOGLE - Google LLC
74.125.68.0	74.125.68.255	15169	US	GOOGLE - Google LLC
74.125.69.0	74.125.69.255	15169	US	GOOGLE - Google LLC
74.125.70.0	74.125.70.255	15169	US	GOOGLE - Google LLC
74.125.71.0	74.125.71.255	15169	US	GOOGLE - Google LLC
74.125.72.0	74.125.75.255	15169	US	GOOGLE - Google LLC
74.125.76.0	74.125.123.255	15169	US	GOOGLE - Google LLC
74.125.124.0	74.125.124.255	15169	US	GOOGLE - Google LLC
74.125.125.0	74.125.125.255	15169	US	GOOGLE - Google LLC
74.125.126.0	74.125.126.255	15169	US	GOOGLE - Google LLC
74.125.127.0	74.125.127.255	15169	US	GOOGLE - Google LLC
74.125.128.0	74.125.128.255	15169	US	GOOGLE - Google LLC
74.125.129.0	74.125.129.255	15169	US	GOOGLE - Google LLC
74.125.130.0	74.125.130.255	15169	US	GOOGLE - Google LLC
74.125.131.0	74.125.131.255	15169	US	GOOGLE - Google LLC
74.125.132.0	74.125.132.255	15169	US	GOOGLE - Google LLC
74.125.133.0	74.125.133.255	15169	US	GOOGLE - Google LLC
74.125.134.0	74.125.134.255	15169	US	GOOGLE - Google LLC
74.125.135.0	74.125.135.255	15169	US	GOOGLE - Google LLC
74.125.136.0	74.125.136.255	15169	US	GOOGLE - Google LLC
74.125.137.0	74.125.137.255	15169	US	GOOGLE - Google LLC
74.125.138.0	74.125.138.255	15169	US	GOOGLE - Google LLC
74.125.139.0	74.125.139.131	15169	US	GOOGLE - Google LLC
74.125.139.133	74.125.139.255	15169	US	GOOGLE - Google LLC
74.125.140.0	74.125.140.255	15169	US	GOOGLE - Google LLC
74.125.141.0	74.125.141.255	15169	US	GOOGLE - Google LLC
74.125.142.0	74.125.142.255	15169	US	GOOGLE - Google LLC
74.125.143.0	74.125.143.255	15169	US	GOOGLE - Google LLC
74.125.144.0	74.125.147.191	15169	US	GOOGLE - Google LLC
74.125.147.196	74.125.151.255	15169	US	GOOGLE - Google LLC
74.125.152.0	74.125.159.255	15169	US	GOOGLE - Google LLC
74.125.160.0	74.125.175.255	15169	US	GOOGLE - Google LLC
74.125.176.0	74.125.191.255	15169	US	GOOGLE - Google LLC
74.125.192.0	74.125.192.255	15169	US	GOOGLE - Google LLC
74.125.193.0	74.125.193.255	15169	US	GOOGLE - Google LLC
74.125.194.0	74.125.194.255	15169	US	GOOGLE - Google LLC
74.125.195.0	74.125.195.255	15169	US	GOOGLE - Google LLC
74.125.196.0	74.125.196.255	15169	US	GOOGLE - Google LLC
74.125.197.0	74.125.197.255	15169	US	GOOGLE - Google LLC
74.125.198.0	74.125.198.255	15169	US	GOOGLE - Google LLC
74.125.199.0	74.125.199.255	15169	US	GOOGLE - Google LLC
74.125.200.0	74.125.200.255	15169	US	GOOGLE - Google LLC
74.125.201.0	74.125.201.255	15169	US	GOOGLE - Google LLC
74.125.202.0	74.125.202.255	15169	US	GOOGLE - Google LLC
74.125.203.0	74.125.203.255	15169	US	GOOGLE - Google LLC
74.125.204.0	74.125.204.255	15169	US	GOOGLE - Google LLC
74.125.205.0	74.125.205.255	15169	US	GOOGLE - Google LLC
74.125.206.0	74.125.206.255	15169	US	GOOGLE - Google LLC
74.125.207.0	74.125.224.255	15169	US	GOOGLE - Google LLC
74.125.225.0	74.125.225.255	15169	US	GOOGLE - Google LLC
74.125.226.0	74.125.226.255	15169	US	GOOGLE - Google LLC
74.125.227.0	74.125.227.255	15169	US	GOOGLE - Google LLC
74.125.228.0	74.125.228.255	15169	US	GOOGLE - Google LLC
74.125.229.0	74.125.229.255	15169	US	GOOGLE - Google LLC
74.125.230.0	74.125.230.255	15169	US	GOOGLE - Google LLC
74.125.231.0	74.125.231.255	15169	US	GOOGLE - Google LLC
74.125.232.0	74.125.232.255	15169	US	GOOGLE - Google LLC
74.125.233.0	74.125.233.255	15169	US	GOOGLE - Google LLC
74.125.234.0	74.125.234.255	15169	US	GOOGLE - Google LLC
74.125.235.0	74.125.235.255	15169	US	GOOGLE - Google LLC
74.125.236.0	74.125.236.255	15169	US	GOOGLE - Google LLC
74.125.237.0	74.125.237.255	15169	US	GOOGLE - Google LLC
74.125.238.0	74.125.238.255	15169	US	GOOGLE - Google LLC
74.125.239.0	74.125.255.255	15169	US	GOOGLE - Google LLC
89.207.224.0	89.207.224.255	36384	US	GOOGLE-IT - Google LLC
89.207.231.0	89.207.231.255	15169	US	GOOGLE - Google LLC
99.198.128.0	99.198.255.255	16591	US	GOOGLE-FIBER - Google Fiber Inc.
103.22.200.0	103.22.201.255	13335	US	CLOUDFLARENET - Cloudflare, Inc.
103.22.203.0	103.22.203.255	13335	US	CLOUDFLARENET - Cloudflare, Inc.
103.86.148.0	103.86.148.255	36492	US	GOOGLEWIFI - Google, LLC
104.16.0.0	104.16.15.255	13335	US	CLOUDFLARENET - Cloudflare, Inc.
104.16.16.0	104.16.31.255	13335	US	CLOUDFLARENET - Cloudflare, Inc.
104.16.32.0	104.16.47.255	13335	US	CLOUDFLARENET - Cloudflare, Inc.
104.16.48.0	104.16.63.255	13335	US	CLOUDFLARENET - Cloudflare, Inc.
104.16.64.0	104.16.79.255	13335	US	CLOUDFLARENET - Cloudflare, Inc.
104.16.80.0	104.16.95.255	13335	US	CLOUDFLARENET - Cloudflare, Inc.
104.16.96.0	104.16.111.255	13335	US	CLOUDFLARENET - Cloudflare, Inc.
104.16.112.0	104.16.127.255	13335	US	CLOUDFLARENET - Cloudflare, Inc.
104.16.128.0	104.16.143.255	13335	US	CLOUDFLARENET - Cloudflare, Inc.
104.16.144.0	104.16.159.255	13335	US	CLOUDFLARENET - Cloudflare, Inc.
104.16.160.0	104.16.175.255	13335	US	CLOUDFLARENET - Cloudflare, Inc.
104.16.176.0	104.16.191.255	13335	US	CLOUDFLARENET - Cloudflare, Inc.
104.16.192.0	104.16.207.255	13335	US	CLOUDFLARENET - Cloudflare, Inc.
104.16.208.0	104.16.223.255	13335	US	CLOUDFLARENET - Cloudflare, Inc.
104.16.224.0	104.16.239.255	13335	US	CLOUDFLARENET - Cloudflare, Inc.
104.16.240.0	104.16.255.255	13335	US	CLOUDFLARENET - Cloudflare, Inc.
104.17.0.0	104.17.15.255	13335	US	CLOUDFLARENET - Cloudflare, Inc.
104.17.16.0	104.17.31.255	13335	US	CLOUDFLARENET - Cloudflare, Inc.
104.17.32.0	104.17.47.255	13335	US	CLOUDFLARENET - Cloudflare, Inc.
104.17.48.0	104.17.63.255	13335	US	CLOUDFLARENET - Cloudflare, Inc.
104.17.64.0	104.17.79.255	13335	US	CLOUDFLARENET - Cloudflare, Inc.
104.17.80.0	104.17.95.255	13335	US	CLOUDFLARENET - Cloudflare, Inc.
104.17.96.0	104.17.111.255	13335	US	CLOUDFLARENET - Cloudflare, Inc.
104.17.112.0	104.17.127.255	13335	US	CLOUDFLARENET - Cloudflare, Inc.
104.17.128.0	104.17.143.255	13335	US	CLOUDFLARENET - Cloudflare, Inc.
104.17.144.0	104.17.159.255	13335	US	CLOUDFLARENET - Cloudflare, Inc.
104.17.160.0	104.17.175.255	13335	US	CLOUDFLARENET - Cloudflare, Inc.
104.17.176.0	104.17.191.255	13335	US	CLOUDFLARENET - Cloudflare, Inc.
104.17.192.0	104.17.207.255	13335	US	CLOUDFLARENET - Cloudflare, Inc.
104.17.208.0	104.17.223.255	13335	US	CLOUDFLARENET - Cloudflare, Inc.
104.17.224.0	104.17.239.255	13335	US	CLOUDFLARENET - Cloudflare, Inc.
104.17.240.0	104.17.255.255	13335	US	CLOUDFLARENET - Cloudflare, Inc.
104.18.0.0	104.18.15.255	13335	US	CLOUDFLARENET - Cloudflare, Inc.
104.18.16.0	104.18.31.255	13335	US	CLOUDFLARENET - Cloudflare, Inc.
104.18.32.0	104.18.47.255	13335	US	CLOUDFLARENET - Cloudflare, Inc.
104.18.48.0	104.18.63.255	13335	US	CLOUDFLARENET - Cloudflare, Inc.
104.18.64.0	104.18.79.255	13335	US	CLOUDFLARENET - Cloudflare, Inc.
104.18.80.0	104.18.95.255	13335	US	CLOUDFLARENET - Cloudflare, Inc.
104.18.96.0	104.18.111.255	13335	US	CLOUDFLARENET - Cloudflare, Inc.
104.18.112.0	104.18.127.255	13335	US	CLOUDFLARENET - Cloudflare, Inc.
104.18.128.0	104.18.143.255	13335	US	CLOUDFLARENET - Cloudflare, Inc.
104.18.144.0	104.18.159.255	13335	US	CLOUDFLARENET - Cloudflare, Inc.
104.18.160.0	104.18.175.255	13335	US	CLOUDFLARENET - Cloudflare, Inc.
104.18.176.0	104.18.191.255	13335	US	CLOUDFLARENET - Cloudflare, Inc.
104.18.192.0	104.18.207.255	13335	US	CLOUDFLARENET - Cloudflare, Inc.
104.18.208.0	104.18.223.255	13335	US	CLOUDFLARENET - Cloudflare, Inc.
104.18.224.0	104.18.239.255	13335	US	CLOUDFLARENET - Cloudflare, Inc.
104.18.240.0	104.18.255.255	13335	US	CLOUDFLARENET - Cloudflare, Inc.
104.19.0.0	104.19.15.255	13335	US	CLOUDFLARENET - Cloudflare, Inc.
104.19.16.0	104.19.31.255	13335	US	CLOUDFLARENET - Cloudflare, Inc.
104.19.32.0	104.19.47.255	13335	US	CLOUDFLARENET - Cloudflare, Inc.
104.19.48.0	104.19.63.255	13335	US	CLOUDFLARENET - Cloudflare, Inc.
104.19.64.0	104.19.79.255	13335	US	CLOUDFLARENET - Cloudflare, Inc.
104.19.80.0	104.19.95.255	13335	US	CLOUDFLARENET - Cloudflare, Inc.
104.19.96.0	104.19.111.255	13335	US	CLOUDFLARENET - Cloudflare, Inc.
104.19.112.0	104.19.127.255	13335	US	CLOUDFLARENET - Cloudflare, Inc.
104.19.128.0	104.19.143.255	13335	US	CLOUDFLARENET - Cloudflare, Inc.
104.19.144.0	104.19.159.255	13335	US	CLOUDFLARENET - Cloudflare, Inc.
104.19.160.0	104.19.175.255	13335	US	CLOUDFLARENET - Cloudflare, Inc.
104.19.176.0	104.19.191.255	13335	US	CLOUDFLARENET - Cloudflare, Inc.
104.19.192.0	104.19.207.255	13335	US	CLOUDFLARENET - Cloudflare, Inc.
104.19.208.0	104.19.223.255	13335	US	CLOUDFLARENET - Cloudflare, Inc.
104.19.224.0	104.19.239.255	13335	US	CLOUDFLARENET - Cloudflare, Inc.
104.19.240.0	104.19.255.255	13335	US	CLOUDFLARENET - Cloudflare, Inc.
104.20.0.0	104.20.15.255	13335	US	CLOUDFLARENET - Cloudflare, Inc.
104.20.16.0	104.20.31.255	13335	US	CLOUDFLARENET - Cloudflare, Inc.
104.20.32.0	104.20.47.255	13335	US	CLOUDFLARENET - Cloudflare, Inc.
104.20.48.0	104.20.63.255	13335	US	CLOUDFLARENET - Cloudflare, Inc.
104.20.64.0	104.20.79.255	13335	US	CLOUDFLARENET - Cloudflare, Inc.
104.20.80.0	104.20.95.255	13335	US	CLOUDFLARENET - Cloudflare, Inc.
104.20.96.0	104.20.111.255	13335	US	CLOUDFLARENET - Cloudflare, Inc.
104.20.112.0	104.20.127.255	13335	US	CLOUDFLARENET - Cloudflare, Inc.
104.20.128.0	104.20.143.255	13335	US	CLOUDFLARENET - Cloudflare, Inc.
104.20.144.0	104.20.159.255	13335	US	CLOUDFLARENET - Cloudflare, Inc.
104.20.160.0	104.20.175.255	13335	US	CLOUDFLARENET - Cloudflare, Inc.
104.20.176.0	104.20.191.255	13335	US	CLOUDFLARENET - Cloudflare, Inc.
104.20.192.0	104.20.207.255	13335	US	CLOUDFLARENET - Cloudflare, Inc.
104.20.208.0	104.20.223.255	13335	US	CLOUDFLARENET - Cloudflare, Inc.
104.20.224.0	104.20.239.255	13335	US	CLOUDFLARENET - Cloudflare, Inc.
104.20.240.0	104.20.255.255	13335	US	CLOUDFLARENET - Cloudflare, Inc.
104.21.0.0	104.21.255.255	13335	US	CLOUDFLARENET - Cloudflare, Inc.
104.22.0.0	104.22.15.255	13335	US	CLOUDFLARENET - Cloudflare, Inc.
104.22.16.0	104.23.95.255	13335	US	CLOUDFLARENET - Cloudflare, Inc.
104.23.96.0	104.23.111.255	13335	US	CLOUDFLARENET - Cloudflare, Inc.
104.23.112.0	104.23.127.255	13335	US	CLOUDFLARENET - Cloudflare, Inc.
104.23.128.0	104.23.143.255	13335	US	CLOUDFLARENET - Cloudflare, Inc.
104.23.144.0	104.23.191.255	13335	US	CLOUDFLARENET - Cloudflare, Inc.
104.23.192.0	104.23.207.255	13335	US	CLOUDFLARENET - Cloudflare, Inc.
104.23.208.0	104.23.239.255	13335	US	CLOUDFLARENET - Cloudflare, Inc.
104.23.240.0	104.23.243.255	13335	US	CLOUDFLARENET - Cloudflare, Inc.
104.23.244.0	104.23.255.255	13335	US	CLOUDFLARENET - Cloudflare, Inc.
104.24.0.0	104.24.15.255	13335	US	CLOUDFLARENET - Cloudflare, Inc.
104.24.16.0	104.24.31.255	13335	US	CLOUDFLARENET - Cloudflare, Inc.
104.24.32.0	104.24.47.255	13335	US	CLOUDFLARENET - Cloudflare, Inc.
104.24.48.0	104.24.63.255	13335	US	CLOUDFLARENET - Cloudflare, Inc.
104.24.64.0	104.24.79.255	13335	US	CLOUDFLARENET - Cloudflare, Inc.
104.24.80.0	104.24.95.255	13335	US	CLOUDFLARENET - Cloudflare, Inc.
104.24.96.0	104.24.111.255	13335	US	CLOUDFLARENET - Cloudflare, Inc.
104.24.112.0	104.24.127.255	13335	US	CLOUDFLARENET - Cloudflare, Inc.
104.24.128.0	104.24.143.255	13335	US	CLOUDFLARENET - Cloudflare, Inc.
104.24.144.0	104.24.159.255	13335	US	CLOUDFLARENET - Cloudflare, Inc.
104.24.160.0	104.24.175.255	13335	US	CLOUDFLARENET - Cloudflare, Inc.
104.24.176.0	104.24.191.255	13335	US	CLOUDFLARENET - Cloudflare, Inc.
104.24.192.0	104.24.207.255	13335	US	CLOUDFLARENET - Cloudflare, Inc.
104.24.208.0	104.24.223.255	13335	US	CLOUDFLARENET - Cloudflare, Inc.
104.24.224.0	104.24.239.255	13335	US	CLOUDFLARENET - Cloudflare, Inc.
104.24.240.0	104.24.255.255	13335	US	CLOUDFLARENET - Cloudflare, Inc.
104.25.0.0	104.25.15.255	13335	US	CLOUDFLARENET - Cloudflare, Inc.
104.25.16.0	104.25.31.255	13335	US	CLOUDFLARENET - Cloudflare, Inc.
104.25.32.0	104.25.47.255	13335	US	CLOUDFLARENET - Cloudflare, Inc.
104.25.48.0	104.25.63.255	13335	US	CLOUDFLARENET - Cloudflare, Inc.
104.25.64.0	104.25.79.255	13335	US	CLOUDFLARENET - Cloudflare, Inc.
104.25.80.0	104.25.95.255	13335	US	CLOUDFLARENET - Cloudflare, Inc.
104.25.96.0	104.25.111.255	13335	US	CLOUDFLARENET - Cloudflare, Inc.
104.25.112.0	104.25.127.255	13335	US	CLOUDFLARENET - Cloudflare, Inc.
104.25.128.0	104.25.143.255	13335	US	CLOUDFLARENET - Cloudflare, Inc.
104.25.144.0	104.25.159.255	13335	US	CLOUDFLARENET - Cloudflare, Inc.
104.25.160.0	104.25.175.255	13335	US	CLOUDFLARENET - Cloudflare, Inc.
104.25.176.0	104.25.191.255	13335	US	CLOUDFLARENET - Cloudflare, Inc.
104.25.192.0	104.25.207.255	13335	US	CLOUDFLARENET - Cloudflare, Inc.
104.25.208.0	104.25.223.255	13335	US	CLOUDFLARENET - Cloudflare, Inc.
104.25.224.0	104.25.239.255	13335	US	CLOUDFLARENET - Cloudflare, Inc.
104.25.240.0	104.25.255.255	13335	US	CLOUDFLARENET - Cloudflare, Inc.
104.26.0.0	104.26.15.255	13335	US	CLOUDFLARENET - Cloudflare, Inc.
104.26.16.0	104.26.255.255	13335	US	CLOUDFLARENET - Cloudflare, Inc.
104.27.0.0	104.27.15.255	13335	US	CLOUDFLARENET - Cloudflare, Inc.
104.27.16.0	104.27.31.255	13335	US	CLOUDFLARENET - Cloudflare, Inc.
104.27.32.0	104.27.47.255	13335	US	CLOUDFLARENET - Cloudflare, Inc.
104.27.48.0	104.27.63.255	13335	US	CLOUDFLARENET - Cloudflare, Inc.
104.27.64.0	104.27.79.255	13335	US	CLOUDFLARENET - Cloudflare, Inc.
104.27.80.0	104.27.95.255	13335	US	CLOUDFLARENET - Cloudflare, Inc.
104.27.96.0	104.27.111.255	13335	US	CLOUDFLARENET - Cloudflare, Inc.
104.27.112.0	104.27.127.255	13335	US	CLOUDFLARENET - Cloudflare, Inc.
104.27.128.0	104.27.143.255	13335	US	CLOUDFLARENET - Cloudflare, Inc.
104.27.144.0	104.27.159.255	13335	US	CLOUDFLARENET - Cloudflare, Inc.
104.27.160.0	104.27.175.255	13335	US	CLOUDFLARENET - Cloudflare, Inc.
104.27.176.0	104.27.191.255	13335	US	CLOUDFLARENET - Cloudflare, Inc.
104.27.192.0	104.27.207.255	13335	US	CLOUDFLARENET - Cloudflare, Inc.
104.27.208.0	104.27.223.255	13335	US	CLOUDFLARENET - Cloudflare, Inc.
104.27.224.0	104.27.239.255	13335	US	CLOUDFLARENET - Cloudflare, Inc.
104.27.240.0	104.27.243.255	13335	US	CLOUDFLARENET - Cloudflare, Inc.
104.27.244.0	104.27.255.255	13335	US	CLOUDFLARENET - Cloudflare, Inc.
104.28.0.0	104.28.15.255	13335	US	CLOUDFLARENET - Cloudflare, Inc.
104.28.16.0	104.28.31.255	13335	US	CLOUDFLARENET - Cloudflare, Inc.
104.28.32.0	104.28.47.255	13335	US	CLOUDFLARENET - Cloudflare, Inc.
104.28.48.0	104.28.63.255	13335	US	CLOUDFLARENET - Cloudflare, Inc.
104.28.64.0	104.28.79.255	13335	US	CLOUDFLARENET - Cloudflare, Inc.
104.28.80.0	104.28.95.255	13335	US	CLOUDFLARENET - Cloudflare, Inc.
104.28.96.0	104.28.111.255	13335	US	CLOUDFLARENET - Cloudflare, Inc.
104.28.112.0	104.28.127.255	13335	US	CLOUDFLARENET - Cloudflare, Inc.
104.28.128.0	104.28.143.255	13335	US	CLOUDFLARENET - Cloudflare, Inc.
104.28.144.0	104.28.159.255	13335	US	CLOUDFLARENET - Cloudflare, Inc.
104.28.160.0	104.28.175.255	13335	US	CLOUDFLARENET - Cloudflare, Inc.
104.28.176.0	104.28.191.255	13335	US	CLOUDFLARENET - Cloudflare, Inc.
104.28.192.0	104.28.207.255	13335	US	CLOUDFLARENET - Cloudflare, Inc.
104.28.208.0	104.28.223.255	13335	US	CLOUDFLARENET - Cloudflare, Inc.
104.28.224.0	104.28.239.255	13335	US	CLOUDFLARENET - Cloudflare, Inc.
104.28.240.0	104.28.255.255	13335	US	CLOUDFLARENET - Cloudflare, Inc.
104.29.0.0	104.30.255.255	13335	US	CLOUDFLARENET - Cloudflare, Inc.
104.31.0.0	104.31.15.255	13335	US	CLOUDFLARENET - Cloudflare, Inc.
104.31.16.0	104.31.31.255	13335	US	CLOUDFLARENET - Cloudflare, Inc.
104.31.32.0	104.31.63.255	13335	US	CLOUDFLARENET - Cloudflare, Inc.
104.31.64.0	104.31.79.255	13335	US	CLOUDFLARENET - Cloudflare, Inc.
104.31.80.0	104.31.95.255	13335	US	CLOUDFLARENET - Cloudflare, Inc.
104.31.96.0	104.31.111.255	13335	US	CLOUDFLARENET - Cloudflare, Inc.
104.31.112.0	104.31.115.255	13335	US	CLOUDFLARENET - Cloudflare, Inc.
104.31.116.0	104.31.127.255	13335	US	CLOUDFLARENET - Cloudflare, Inc.
104.31.128.0	104.31.143.255	13335	US	CLOUDFLARENET - Cloudflare, Inc.
104.31.144.0	104.31.159.255	13335	US	CLOUDFLARENET - Cloudflare, Inc.
104.31.160.0	104.31.175.255	13335	US	CLOUDFLARENET - Cloudflare, Inc.
104.31.176.0	104.31.191.255	13335	US	CLOUDFLARENET - Cloudflare, Inc.
104.31.192.0	104.31.207.255	13335	US	CLOUDFLARENET - Cloudflare, Inc.
104.31.208.0	104.31.223.255	13335	US	CLOUDFLARENET - Cloudflare, Inc.
104.31.224.0	104.31.239.255	13335	US	CLOUDFLARENET - Cloudflare, Inc.
104.31.240.0	104.31.255.255	13335	US	CLOUDFLARENET - Cloudflare, Inc.
104.132.0.0	104.132.2.255	36384	US	GOOGLE-IT - Google LLC
104.132.3.0	104.132.3.255	41264	CH	GOOGLE-IT-RO-ISP
104.132.4.0	104.132.5.255	36384	US	GOOGLE-IT - Google LLC
104.132.6.0	104.132.6.255	41264	CH	GOOGLE-IT-RO-ISP
104.132.7.0	104.132.16.255	36384	US	GOOGLE-IT - Google LLC
104.132.17.0	104.132.17.255	41264	CH	GOOGLE-IT-RO-ISP
104.132.18.0	104.132.18.255	36384	US	GOOGLE-IT - Google LLC
104.132.19.0	104.132.19.255	41264	CH	GOOGLE-IT-RO-ISP
104.132.20.0	104.132.24.255	36384	US	GOOGLE-IT - Google LLC
104.132.25.0	104.132.25.255	41264	CH	GOOGLE-IT-RO-ISP
104.132.26.0	104.132.26.255	41264	CH	GOOGLE-IT-RO-ISP
104.132.27.0	104.132.30.255	36384	US	GOOGLE-IT - Google LLC
104.132.31.0	104.132.31.255	41264	CH	GOOGLE-IT-RO-ISP
104.132.32.0	104.132.32.255	36384	US	GOOGLE-IT - Google LLC
104.132.33.0	104.132.33.255	41264	CH	GOOGLE-IT-RO-ISP
104.132.34.0	104.132.34.255	15169	US	GOOGLE - Google LLC
104.132.35.0	104.132.35.255	36384	US	GOOGLE-IT - Google LLC
104.132.36.0	104.132.36.255	41264	CH	GOOGLE-IT-RO-ISP
104.132.37.0	104.132.37.255	41264	CH	GOOGLE-IT-RO-ISP
104.132.38.0	104.132.38.255	41264	CH	GOOGLE-IT-RO-ISP
104.132.39.0	104.132.39.255	36384	US	GOOGLE-IT - Google LLC
104.132.40.0	104.132.40.255	41264	CH	GOOGLE-IT-RO-ISP
104.132.41.0	104.132.41.255	36384	US	GOOGLE-IT - Google LLC
104.132.42.0	104.132.42.255	41264	CH	GOOGLE-IT-RO-ISP
104.132.43.0	104.132.43.255	41264	CH	GOOGLE-IT-RO-ISP
104.132.44.0	104.132.51.255	36384	US	GOOGLE-IT - Google LLC
104.132.52.0	104.132.52.255	36385	US	GOOGLE-IT - Google LLC
104.132.53.0	104.132.56.255	36384	US	GOOGLE-IT - Google LLC
104.132.57.0	104.132.57.255	41264	CH	GOOGLE-IT-RO-ISP
104.132.58.0	104.132.58.255	36384	US	GOOGLE-IT - Google LLC
104.132.59.0	104.132.59.255	41264	CH	GOOGLE-IT-RO-ISP
104.132.60.0	104.132.60.255	36384	US	GOOGLE-IT - Google LLC
104.132.61.0	104.132.61.255	41264	CH	GOOGLE-IT-RO-ISP
104.132.62.0	104.132.62.255	41264	CH	GOOGLE-IT-RO-ISP
104.132.63.0	104.132.68.255	36384	US	GOOGLE-IT - Google LLC
104.132.69.0	104.132.69.255	41264	CH	GOOGLE-IT-RO-ISP
104.132.70.0	104.132.76.255	36384	US	GOOGLE-IT - Google LLC
104.132.77.0	104.132.77.255	41264	CH	GOOGLE-IT-RO-ISP
104.132.78.0	104.132.80.255	36384	US	GOOGLE-IT - Google LLC
104.132.81.0	104.132.81.255	41264	CH	GOOGLE-IT-RO-ISP
104.132.82.0	104.132.82.255	41264	CH	GOOGLE-IT-RO-ISP
104.132.83.0	104.132.84.255	36384	US	GOOGLE-IT - Google LLC
104.132.85.0	104.132.85.255	41264	CH	GOOGLE-IT-RO-ISP
104.132.86.0	104.132.91.255	36384	US	GOOGLE-IT - Google LLC
104.132.92.0	104.132.92.255	41264	CH	GOOGLE-IT-RO-ISP
104.132.93.0	104.132.99.255	36384	US	GOOGLE-IT - Google LLC
104.132.100.0	104.132.100.255	41264	CH	GOOGLE-IT-RO-ISP
104.132.101.0	104.132.101.255	36384	US	GOOGLE-IT - Google LLC
104.132.102.0	104.132.102.255	41264	CH	GOOGLE-IT-RO-ISP
104.132.103.0	104.132.112.255	36384	US	GOOGLE-IT - Google LLC
104.132.113.0	104.132.113.255	41264	CH	GOOGLE-IT-RO-ISP
104.132.114.0	104.132.114.255	41264	CH	GOOGLE-IT-RO-ISP
104.132.115.0	104.132.115.255	36384	US	GOOGLE-IT - Google LLC
104.132.116.0	104.132.116.255	41264	CH	GOOGLE-IT-RO-ISP
104.132.117.0	104.132.117.255	41264	CH	GOOGLE-IT-RO-ISP
104.132.118.0	104.132.118.255	41264	CH	GOOGLE-IT-RO-ISP
104.132.119.0	104.132.119.255	41264	CH	GOOGLE-IT-RO-ISP
104.132.120.0	104.132.120.255	41264	CH	GOOGLE-IT-RO-ISP
104.132.121.0	104.132.123.255	36384	US	GOOGLE-IT - Google LLC
104.132.124.0	104.132.124.255	41264	CH	GOOGLE-IT-RO-ISP
104.132.125.0	104.132.127.255	36384	US	GOOGLE-IT - Google LLC
104.132.128.0	104.132.128.255	41264	CH	GOOGLE-IT-RO-ISP
104.132.129.0	104.132.129.255	36384	US	GOOGLE-IT - Google LLC
104.132.130.0	104.132.130.255	41264	CH	GOOGLE-IT-RO-ISP
104.132.131.0	104.132.131.255	36384	US	GOOGLE-IT - Google LLC
104.132.132.0	104.132.132.255	41264	CH	GOOGLE-IT-RO-ISP
104.132.133.0	104.132.133.255	41264	CH	GOOGLE-IT-RO-ISP
104.132.134.0	104.132.134.255	36384	US	GOOGLE-IT - Google LLC
104.132.135.0	104.132.135.255	41264	CH	GOOGLE-IT-RO-ISP
104.132.136.0	104.132.136.255	41264	CH	GOOGLE-IT-RO-ISP
104.132.137.0	104.132.137.255	36384	US	GOOGLE-IT - Google LLC
104.132.138.0	104.132.138.255	41264	CH	GOOGLE-IT-RO-ISP
104.132.139.0	104.132.139.255	36384	US	GOOGLE-IT - Google LLC
104.132.140.0	104.132.140.255	41264	CH	GOOGLE-IT-RO-ISP
104.132.141.0	104.132.141.255	36384	US	GOOGLE-IT - Google LLC
104.132.142.0	104.132.142.255	41264	CH	GOOGLE-IT-RO-ISP
104.132.143.0	104.132.145.255	36384	US	GOOGLE-IT - Google LLC
104.132.146.0	104.132.146.255	41264	CH	GOOGLE-IT-RO-ISP
104.132.147.0	104.132.148.255	36384	US	GOOGLE-IT - Google LLC
104.132.149.0	104.132.149.255	41264	CH	GOOGLE-IT-RO-ISP
104.132.150.0	104.132.151.255	36384	US	GOOGLE-IT - Google LLC
104.132.152.0	104.132.152.255	41264	CH	GOOGLE-IT-RO-ISP
104.132.153.0	104.132.153.255	41264	CH	GOOGLE-IT-RO-ISP
104.132.154.0	104.132.154.255	41264	CH	GOOGLE-IT-RO-ISP
104.132.155.0	104.132.155.255	41264	CH	GOOGLE-IT-RO-ISP
104.132.156.0	104.132.158.255	36384	US	GOOGLE-IT - Google LLC
104.132.159.0	104.132.159.255	41264	CH	GOOGLE-IT-RO-ISP
104.132.160.0	104.132.160.255	41264	CH	GOOGLE-IT-RO-ISP
104.132.161.0	104.132.161.255	36384	US	GOOGLE-IT - Google LLC
104.132.162.0	104.132.162.255	41264	CH	GOOGLE-IT-RO-ISP
104.132.163.0	104.132.163.255	36384	US	GOOGLE-IT - Google LLC
104.132.164.0	104.132.164.255	41264	CH	GOOGLE-IT-RO-ISP
104.132.165.0	104.132.167.255	36384	US	GOOGLE-IT - Google LLC
104.132.168.0	104.132.168.255	41264	CH	GOOGLE-IT-RO-ISP
104.132.169.0	104.132.169.255	41264	CH	GOOGLE-IT-RO-ISP
104.132.170.0	104.132.170.255	36384	US	GOOGLE-IT - Google LLC
104.132.171.0	104.132.171.255	41264	CH	GOOGLE-IT-RO-ISP
104.132.172.0	104.132.176.255	36384	US	GOOGLE-IT - Google LLC
104.132.177.0	104.132.177.255	41264	CH	GOOGLE-IT-RO-ISP
104.132.178.0	104.132.178.255	36384	US	GOOGLE-IT - Google LLC
104.132.179.0	104.132.179.255	41264	CH	GOOGLE-IT-RO-ISP
104.132.180.0	104.132.180.255	41264	CH	GOOGLE-IT-RO-ISP
104.132.181.0	104.132.183.255	36384	US	GOOGLE-IT - Google LLC
104.132.184.0	104.132.184.255	41264	CH	GOOGLE-IT-RO-ISP
104.132.185.0	104.132.185.255	41264	CH	GOOGLE-IT-RO-ISP
104.132.186.0	104.132.186.255	41264	CH	GOOGLE-IT-RO-ISP
104.132.187.0	104.132.187.255	41264	CH	GOOGLE-IT-RO-ISP
104.132.188.0	104.132.188.255	36384	US	GOOGLE-IT - Google LLC
104.132.189.0	104.132.189.255	41264	CH	GOOGLE-IT-RO-ISP
104.132.190.0	104.132.191.255	36384	US	GOOGLE-IT - Google LLC
104.132.192.0	104.132.192.255	41264	CH	GOOGLE-IT-RO-ISP
104.132.193.0	104.132.195.255	36384	US	GOOGLE-IT - Google LLC
104.132.196.0	104.132.196.255	41264	CH	GOOGLE-IT-RO-ISP
104.132.197.0	104.132.197.255	36384	US	GOOGLE-IT - Google LLC
104.132.198.0	104.132.198.255	41264	CH	GOOGLE-IT-RO-ISP
104.132.199.0	104.132.204.255	36384	US	GOOGLE-IT - Google LLC
104.132.205.0	104.132.205.255	41264	CH	GOOGLE-IT-RO-ISP
104.132.206.0	104.132.206.255	41264	CH	GOOGLE-IT-RO-ISP
104.132.207.0	104.132.207.255	41264	CH	GOOGLE-IT-RO-ISP
104.132.208.0	104.132.208.255	36384	US	GOOGLE-IT - Google LLC
104.132.209.0	104.132.209.255	41264	CH	GOOGLE-IT-RO-ISP
104.132.210.0	104.132.210.255	41264	CH	GOOGLE-IT-RO-ISP
104.132.211.0	104.132.211.255	41264	CH	GOOGLE-IT-RO-ISP
104.132.212.0	104.132.212.255	36384	US	GOOGLE-IT - Google LLC
104.132.213.0	104.132.213.255	41264	CH	GOOGLE-IT-RO-ISP
104.132.214.0	104.132.214.255	41264	CH	GOOGLE-IT-RO-ISP
104.132.215.0	104.132.215.255	41264	CH	GOOGLE-IT-RO-ISP
104.132.216.0	104.132.221.255	36384	US	GOOGLE-IT - Google LLC
104.132.222.0	104.132.222.255	41264	CH	GOOGLE-IT-RO-ISP
104.132.223.0	104.132.226.255	36384	US	GOOGLE-IT - Google LLC
104.132.227.0	104.132.227.255	41264	CH	GOOGLE-IT-RO-ISP
104.132.228.0	104.132.235.255	36384	US	GOOGLE-IT - Google LLC
104.132.236.0	104.132.236.255	41264	CH	GOOGLE-IT-RO-ISP
104.132.237.0	104.133.3.255	36384	US	GOOGLE-IT - Google LLC
104.133.4.0	104.133.4.255	41264	CH	GOOGLE-IT-RO-ISP
104.133.5.0	104.133.5.255	41264	CH	GOOGLE-IT-RO-ISP
104.133.6.0	104.133.6.255	41264	CH	GOOGLE-IT-RO-ISP
104.133.7.0	104.133.7.255	41264	CH	GOOGLE-IT-RO-ISP
104.133.8.0	104.133.16.255	36384	US	GOOGLE-IT - Google LLC
104.133.17.0	104.133.17.255	41264	CH	GOOGLE-IT-RO-ISP
104.133.18.0	104.133.18.255	41264	CH	GOOGLE-IT-RO-ISP
104.133.19.0	104.134.239.255	36384	US	GOOGLE-IT - Google LLC
104.134.240.0	104.134.240.255	41264	CH	GOOGLE-IT-RO-ISP
104.134.241.0	104.134.241.255	41264	CH	GOOGLE-IT-RO-ISP
104.134.242.0	104.134.242.255	41264	CH	GOOGLE-IT-RO-ISP
104.134.243.0	104.135.255.255	36384	US	GOOGLE-IT - Google LLC
104.154.0.0	104.154.31.255	15169	US	GOOGLE - Google LLC
104.154.32.0	104.154.63.255	15169	US	GOOGLE - Google LLC
104.154.64.0	104.154.95.255	15169	US	GOOGLE - Google LLC
104.154.96.0	104.154.127.255	15169	US	GOOGLE - Google LLC
104.154.128.0	104.154.159.255	15169	US	GOOGLE - Google LLC
104.154.160.0	104.154.191.255	15169	US	GOOGLE - Google LLC
104.154.192.0	104.154.223.255	15169	US	GOOGLE - Google LLC
104.154.224.0	104.154.255.255	15169	US	GOOGLE - Google LLC
104.155.0.0	104.155.31.255	15169	US	GOOGLE - Google LLC
104.155.32.0	104.155.63.255	15169	US	GOOGLE - Google LLC
104.155.64.0	104.155.95.255	15169	US	GOOGLE - Google LLC
104.155.96.0	104.155.127.255	15169	US	GOOGLE - Google LLC
104.155.128.0	104.155.159.255	15169	US	GOOGLE - Google LLC
104.155.160.0	104.155.191.255	15169	US	GOOGLE - Google LLC
104.155.192.0	104.155.223.255	15169	US	GOOGLE - Google LLC
104.155.224.0	104.155.255.255	15169	US	GOOGLE - Google LLC
104.196.0.0	104.196.31.255	15169	US	GOOGLE - Google LLC
104.196.32.0	104.196.63.255	15169	US	GOOGLE - Google LLC
104.196.64.0	104.196.95.255	15169	US	GOOGLE - Google LLC
104.196.96.0	104.196.127.255	15169	US	GOOGLE - Google LLC
104.196.128.0	104.196.159.255	15169	US	GOOGLE - Google LLC
104.196.160.0	104.196.191.255	15169	US	GOOGLE - Google LLC
104.196.192.0	104.196.223.255	15169	US	GOOGLE - Google LLC
104.196.224.0	104.196.255.255	15169	US	GOOGLE - Google LLC
104.197.0.0	104.197.31.255	15169	US	GOOGLE - Google LLC
104.197.32.0	104.197.63.255	15169	US	GOOGLE - Google LLC
104.197.64.0	104.197.95.255	15169	US	GOOGLE - Google LLC
104.197.96.0	104.197.127.255	15169	US	GOOGLE - Google LLC
104.197.128.0	104.197.159.255	15169	US	GOOGLE - Google LLC
104.197.160.0	104.197.191.255	15169	US	GOOGLE - Google LLC
104.197.192.0	104.197.223.255	15169	US	GOOGLE - Google LLC
104.197.224.0	104.197.255.255	15169	US	GOOGLE - Google LLC
104.198.0.0	104.198.31.255	15169	US	GOOGLE - Google LLC
104.198.32.0	104.198.63.255	15169	US	GOOGLE - Google LLC
104.198.64.0	104.198.95.255	15169	US	GOOGLE - Google LLC
104.198.96.0	104.198.127.255	15169	US	GOOGLE - Google LLC
104.198.128.0	104.198.159.255	15169	US	GOOGLE - Google LLC
104.198.160.0	104.198.191.255	15169	US	GOOGLE - Google LLC
104.198.192.0	104.198.223.255	15169	US	GOOGLE - Google LLC
104.198.224.0	104.198.255.255	15169	US	GOOGLE - Google LLC
104.199.0.0	104.199.31.255	15169	US	GOOGLE - Google LLC
104.199.32.0	104.199.63.255	15169	US	GOOGLE - Google LLC
104.199.64.0	104.199.95.255	15169	US	GOOGLE - Google LLC
104.199.96.0	104.199.127.255	15169	US	GOOGLE - Google LLC
104.199.128.0	104.199.159.255	15169	US	GOOGLE - Google LLC
104.199.160.0	104.199.191.255	15169	US	GOOGLE - Google LLC
104.199.192.0	104.199.223.255	15169	US	GOOGLE - Google LLC
104.199.224.0	104.199.255.255	15169	US	GOOGLE - Google LLC
107.167.160.0	107.167.191.255	15169	US	GOOGLE - Google LLC
107.178.192.0	107.178.255.255	15169	US	GOOGLE - Google LLC
107.188.128.0	107.188.255.255	16591	US	GOOGLE-FIBER - Google Fiber Inc.
108.59.80.0	108.59.95.255	15169	US	GOOGLE - Google LLC
108.162.208.0	108.162.208.255	13335	US	CLOUDFLARENET - Cloudflare, Inc.
108.162.210.0	108.162.210.255	13335	US	CLOUDFLARENET - Cloudflare, Inc.
108.162.211.0	108.162.211.255	13335	US	CLOUDFLARENET - Cloudflare, Inc.
108.162.212.0	108.162.212.255	13335	US	CLOUDFLARENET - Cloudflare, Inc.
108.162.213.0	108.162.213.255	13335	US	CLOUDFLARENET - Cloudflare, Inc.
108.162.214.0	108.162.214.255	13335	US	CLOUDFLARENET - Cloudflare, Inc.
108.162.215.0	108.162.215.255	13335	US	CLOUDFLARENET - Cloudflare, Inc.
108.162.216.0	108.162.216.255	13335	US	CLOUDFLARENET - Cloudflare, Inc.
108.162.217.0	108.162.217.255	13335	US	CLOUDFLARENET - Cloudflare, Inc.
108.162.218.0	108.162.218.255	13335	US	CLOUDFLARENET - Cloudflare, Inc.
108.162.219.0	108.162.219.255	13335	US	CLOUDFLARENET - Cloudflare, Inc.
108.162.220.0	108.162.220.255	13335	US	CLOUDFLARENET - Cloudflare, Inc.
108.162.221.0	108.162.221.255	13335	US	CLOUDFLARENET - Cloudflare, Inc.
108.162.223.0	108.162.223.255	13335	US	CLOUDFLARENET - Cloudflare, Inc.
108.162.226.0	108.162.226.255	13335	US	CLOUDFLARENET - Cloudflare, Inc.
108.162.227.0	108.162.227.255	13335	US	CLOUDFLARENET - Cloudflare, Inc.
108.162.228.0	108.162.228.255	13335	US	CLOUDFLARENET - Cloudflare, Inc.
108.162.229.0	108.162.229.255	13335	US	CLOUDFLARENET - Cloudflare, Inc.
108.162.235.0	108.162.235.255	13335	US	CLOUDFLARENET - Cloudflare, Inc.
108.162.236.0	108.162.236.255	13335	US	CLOUDFLARENET - Cloudflare, Inc.
108.162.237.0	108.162.237.255	13335	US	CLOUDFLARENET - Cloudflare, Inc.
108.162.238.0	108.162.238.255	13335	US	CLOUDFLARENET - Cloudflare, Inc.
108.162.239.0	108.162.239.255	13335	US	CLOUDFLARENET - Cloudflare, Inc.
108.162.240.0	108.162.240.255	13335	US	CLOUDFLARENET - Cloudflare, Inc.
108.162.241.0	108.162.241.255	13335	US	CLOUDFLARENET - Cloudflare, Inc.
108.162.242.0	108.162.242.255	13335	US	CLOUDFLARENET - Cloudflare, Inc.
108.162.243.0	108.162.243.255	13335	US	CLOUDFLARENET - Cloudflare, Inc.
108.162.244.0	108.162.244.255	13335	US	CLOUDFLARENET - Cloudflare, Inc.
108.162.245.0	108.162.245.255	13335	US	CLOUDFLARENET - Cloudflare, Inc.
108.162.246.0	108.162.246.255	13335	US	CLOUDFLARENET - Cloudflare, Inc.
108.162.247.0	108.162.247.255	13335	US	CLOUDFLARENET - Cloudflare, Inc.
108.162.248.0	108.162.248.255	13335	US	CLOUDFLARENET - Cloudflare, Inc.
108.162.249.0	108.162.249.255	13335	US	CLOUDFLARENET - Cloudflare, Inc.
108.162.250.0	108.162.250.255	13335	US	CLOUDFLARENET - Cloudflare, Inc.
108.162.254.0	108.162.254.255	13335	US	CLOUDFLARENET - Cloudflare, Inc.
108.162.255.0	108.162.255.255	13335	US	CLOUDFLARENET - Cloudflare, Inc.
108.170.192.0	108.170.255.255	15169	US	GOOGLE - Google LLC
108.177.0.0	108.177.7.255	15169	US	GOOGLE - Google LLC
108.177.8.0	108.177.8.255	15169	US	GOOGLE - Google LLC
108.177.9.0	108.177.9.255	15169	US	GOOGLE - Google LLC
108.177.10.0	108.177.10.255	15169	US	GOOGLE - Google LLC
108.177.11.0	108.177.11.255	15169	US	GOOGLE - Google LLC
108.177.12.0	108.177.12.255	15169	US	GOOGLE - Google LLC
108.177.13.0	108.177.13.255	15169	US	GOOGLE - Google LLC
108.177.14.0	108.177.14.255	15169	US	GOOGLE - Google LLC
108.177.15.0	108.177.15.255	15169	US	GOOGLE - Google LLC
108.177.16.0	108.177.95.255	15169	US	GOOGLE - Google LLC
108.177.96.0	108.177.96.255	15169	US	GOOGLE - Google LLC
108.177.97.0	108.177.97.255	15169	US	GOOGLE - Google LLC
108.177.98.0	108.177.98.255	15169	US	GOOGLE - Google LLC
108.177.99.0	108.177.102.255	15169	US	GOOGLE - Google LLC
108.177.103.0	108.177.103.255	15169	US	GOOGLE - Google LLC
108.177.104.0	108.177.104.255	15169	US	GOOGLE - Google LLC
108.177.105.0	108.177.110.255	15169	US	GOOGLE - Google LLC
108.177.111.0	108.177.111.255	15169	US	GOOGLE - Google LLC
108.177.112.0	108.177.112.255	15169	US	GOOGLE - Google LLC
108.177.113.0	108.177.118.255	15169	US	GOOGLE - Google LLC
108.177.119.0	108.177.119.255	15169	US	GOOGLE - Google LLC
108.177.120.0	108.177.120.255	15169	US	GOOGLE - Google LLC
108.177.121.0	108.177.121.255	15169	US	GOOGLE - Google LLC
108.177.122.0	108.177.122.255	15169	US	GOOGLE - Google LLC
108.177.123.0	108.177.124.255	15169	US	GOOGLE - Google LLC
108.177.125.0	108.177.125.255	15169	US	GOOGLE - Google LLC
108.177.126.0	108.177.126.255	15169	US	GOOGLE - Google LLC
108.177.127.0	108.177.127.255	15169	US	GOOGLE - Google LLC
130.211.0.0	130.211.255.255	15169	US	GOOGLE - Google LLC
136.22.0.0	136.22.0.255	394699	US	GOOGLE-ACCESS-NYC - Google Access LLC
136.22.1.0	136.22.1.255	394699	US	GOOGLE-ACCESS-NYC - Google Access LLC
136.22.64.0	136.22.65.255	36492	US	GOOGLEWIFI - Google, LLC
136.22.66.0	136.22.66.255	36492	US	GOOGLEWIFI - Google, LLC
136.22.67.0	136.22.67.255	36492	US	GOOGLEWIFI - Google, LLC
136.22.68.0	136.22.68.255	36492	US	GOOGLEWIFI - Google, LLC
136.22.69.0	136.22.69.255	36492	US	GOOGLEWIFI - Google, LLC
136.22.70.0	136.22.70.255	36492	US	GOOGLEWIFI - Google, LLC
136.22.71.0	136.22.71.255	36492	US	GOOGLEWIFI - Google, LLC
136.22.72.0	136.22.75.255	36492	US	GOOGLEWIFI - Google, LLC
136.22.76.0	136.22.79.255	36492	US	GOOGLEWIFI - Google, LLC
136.22.80.0	136.22.83.255	36492	US	GOOGLEWIFI - Google, LLC
136.22.84.0	136.22.84.255	36492	US	GOOGLEWIFI - Google, LLC
136.22.86.0	136.22.87.255	36492	US	GOOGLEWIFI - Google, LLC
136.22.88.0	136.22.91.255	36492	US	GOOGLEWIFI - Google, LLC
136.22.116.0	136.22.119.255	36492	US	GOOGLEWIFI - Google, LLC
136.22.120.0	136.22.123.255	36492	US	GOOGLEWIFI - Google, LLC
136.22.124.0	136.22.127.255	36492	US	GOOGLEWIFI - Google, LLC
136.32.0.0	136.63.255.255	16591	US	GOOGLE-FIBER - Google Fiber Inc.
136.112.0.0	136.127.255.255	15169	US	GOOGLE - Google LLC
141.101.64.0	141.101.64.255	13335	US	CLOUDFLARENET - Cloudflare, Inc.
141.101.65.0	141.101.65.255	13335	US	CLOUDFLARENET - Cloudflare, Inc.
141.101.66.0	141.101.66.255	13335	US	CLOUDFLARENET - Cloudflare, Inc.
141.101.67.0	141.101.67.255	13335	US	CLOUDFLARENET - Cloudflare, Inc.
141.101.68.0	141.101.68.255	13335	US	CLOUDFLARENET - Cloudflare, Inc.
141.101.69.0	141.101.69.255	13335	US	CLOUDFLARENET - Cloudflare, Inc.
141.101.70.0	141.101.70.255	13335	US	CLOUDFLARENET - Cloudflare, Inc.
141.101.71.0	141.101.71.255	13335	US	CLOUDFLARENET - Cloudflare, Inc.
141.101.72.0	141.101.72.255	13335	US	CLOUDFLARENET - Cloudflare, Inc.
141.101.73.0	141.101.73.255	13335	US	CLOUDFLARENET - Cloudflare, Inc.
141.101.74.0	141.101.74.255	13335	US	CLOUDFLARENET - Cloudflare, Inc.
141.101.75.0	141.101.75.255	13335	US	CLOUDFLARENET - Cloudflare, Inc.
141.101.76.0	141.101.77.255	13335	US	CLOUDFLARENET - Cloudflare, Inc.
141.101.82.0	141.101.82.255	13335	US	CLOUDFLARENET - Cloudflare, Inc.
141.101.83.0	141.101.83.255	13335	US	CLOUDFLARENET - Cloudflare, Inc.
141.101.84.0	141.101.84.255	13335	US	CLOUDFLARENET - Cloudflare, Inc.
141.101.85.0	141.101.85.255	13335	US	CLOUDFLARENET - Cloudflare, Inc.
141.101.88.0	141.101.91.255	13335	US	CLOUDFLARENET - Cloudflare, Inc.
141.101.94.0	141.101.94.255	13335	US	CLOUDFLARENET - Cloudflare, Inc.
141.101.95.0	141.101.95.255	13335	US	CLOUDFLARENET - Cloudflare, Inc.
141.101.96.0	141.101.96.255	13335	US	CLOUDFLARENET - Cloudflare, Inc.
141.101.97.0	141.101.97.255	13335	US	CLOUDFLARENET - Cloudflare, Inc.
141.101.98.0	141.101.98.255	13335	US	CLOUDFLARENET - Cloudflare, Inc.
141.101.99.0	141.101.99.255	13335	US	CLOUDFLARENET - Cloudflare, Inc.
141.101.100.0	141.101.103.255	13335	US	CLOUDFLARENET - Cloudflare, Inc.
141.101.104.0	141.101.104.255	13335	US	CLOUDFLARENET - Cloudflare, Inc.
141.101.105.0	141.101.105.255	13335	US	CLOUDFLARENET - Cloudflare, Inc.
141.101.106.0	141.101.106.255	13335	US	CLOUDFLARENET - Cloudflare, Inc.
141.101.107.0	141.101.107.255	13335	US	CLOUDFLARENET - Cloudflare, Inc.
141.101.108.0	141.101.108.255	13335	US	CLOUDFLARENET - Cloudflare, Inc.
141.101.109.0	141.101.109.255	13335	US	CLOUDFLARENET - Cloudflare, Inc.
141.101.110.0	141.101.110.255	13335	US	CLOUDFLARENET - Cloudflare, Inc.
141.101.111.0	141.101.111.255	13335	US	CLOUDFLARENET - Cloudflare, Inc.
141.101.112.0	141.101.113.255	13335	US	CLOUDFLARENET - Cloudflare, Inc.
141.101.114.0	141.101.115.255	13335	US	CLOUDFLARENET - Cloudflare, Inc.
141.101.116.0	141.101.119.255	13335	US	CLOUDFLARENET - Cloudflare, Inc.
141.101.120.0	141.101.123.255	13335	US	CLOUDFLARENET - Cloudflare, Inc.
141.101.124.0	141.101.127.255	13335	US	CLOUDFLARENET - Cloudflare, Inc.
142.250.0.0	142.251.255.255	15169	US	GOOGLE - Google LLC
146.148.0.0	146.148.127.255	15169	US	GOOGLE - Google LLC
159.192.27.0	159.192.27.255	36492	US	GOOGLEWIFI - Google, LLC
162.158.0.0	162.158.3.255	13335	US	CLOUDFLARENET - Cloudflare, Inc.
162.158.4.0	162.158.7.255	13335	US	CLOUDFLARENET - Cloudflare, Inc.
162.158.8.0	162.158.8.255	13335	US	CLOUDFLARENET - Cloudflare, Inc.
162.158.9.0	162.158.9.255	13335	US	CLOUDFLARENET - Cloudflare, Inc.
162.158.10.0	162.158.10.255	13335	US	CLOUDFLARENET - Cloudflare, Inc.
162.158.11.0	162.158.11.255	13335	US	CLOUDFLARENET - Cloudflare, Inc.
162.158.12.0	162.158.15.255	13335	US	CLOUDFLARENET - Cloudflare, Inc.
162.158.16.0	162.158.19.255	13335	US	CLOUDFLARENET - Cloudflare, Inc.
162.158.20.0	162.158.23.255	13335	US	CLOUDFLARENET - Cloudflare, Inc.
162.158.24.0	162.158.24.255	13335	US	CLOUDFLARENET - Cloudflare, Inc.
162.158.25.0	162.158.25.255	13335	US	CLOUDFLARENET - Cloudflare, Inc.
162.158.26.0	162.158.26.255	13335	US	CLOUDFLARENET - Cloudflare, Inc.
162.158.27.0	162.158.27.255	13335	US	CLOUDFLARENET - Cloudflare, Inc.
162.158.28.0	162.158.28.255	13335	US	CLOUDFLARENET - Cloudflare, Inc.
162.158.29.0	162.158.29.255	13335	US	CLOUDFLARENET - Cloudflare, Inc.
162.158.30.0	162.158.30.255	13335	US	CLOUDFLARENET - Cloudflare, Inc.
162.158.31.0	162.158.31.255	13335	US	CLOUDFLARENET - Cloudflare, Inc.
162.158.32.0	162.158.35.255	13335	US	CLOUDFLARENET - Cloudflare, Inc.
162.158.36.0	162.158.36.255	13335	US	CLOUDFLARENET - Cloudflare, Inc.
162.158.37.0	162.158.37.255	13335	US	CLOUDFLARENET - Cloudflare, Inc.
162.158.38.0	162.158.38.255	13335	US	CLOUDFLARENET - Cloudflare, Inc.
162.158.39.0	162.158.39.255	13335	US	CLOUDFLARENET - Cloudflare, Inc.
162.158.40.0	162.158.40.255	13335	US	CLOUDFLARENET - Cloudflare, Inc.
162.158.41.0	162.158.41.255	13335	US	CLOUDFLARENET - Cloudflare, Inc.
162.158.42.0	162.158.42.255	13335	US	CLOUDFLARENET - Cloudflare, Inc.
162.158.43.0	162.158.43.255	13335	US	CLOUDFLARENET - Cloudflare, Inc.
162.158.44.0	162.158.44.255	13335	US	CLOUDFLARENET - Cloudflare, Inc.
162.158.45.0	162.158.45.255	13335	US	CLOUDFLARENET - Cloudflare, Inc.
162.158.46.0	162.158.46.255	13335	US	CLOUDFLARENET - Cloudflare, Inc.
162.158.47.0	162.158.47.255	13335	US	CLOUDFLARENET - Cloudflare, Inc.
162.158.48.0	162.158.48.255	13335	US	CLOUDFLARENET - Cloudflare, Inc.
162.158.49.0	162.158.49.255	13335	US	CLOUDFLARENET - Cloudflare, Inc.
162.158.50.0	162.158.50.255	13335	US	CLOUDFLARENET - Cloudflare, Inc.
162.158.51.0	162.158.51.255	13335	US	CLOUDFLARENET - Cloudflare, Inc.
162.158.52.0	162.158.52.255	13335	US	CLOUDFLARENET - Cloudflare, Inc.
162.158.53.0	162.158.53.255	13335	US	CLOUDFLARENET - Cloudflare, Inc.
162.158.54.0	162.158.54.255	13335	US	CLOUDFLARENET - Cloudflare, Inc.
162.158.55.0	162.158.55.255	13335	US	CLOUDFLARENET - Cloudflare, Inc.
162.158.56.0	162.158.59.255	13335	US	CLOUDFLARENET - Cloudflare, Inc.
162.158.60.0	162.158.63.255	13335	US	CLOUDFLARENET - Cloudflare, Inc.
162.158.72.0	162.158.75.255	13335	US	CLOUDFLARENET - Cloudflare, Inc.
162.158.76.0	162.158.79.255	13335	US	CLOUDFLARENET - Cloudflare, Inc.
162.158.80.0	162.158.81.255	13335	US	CLOUDFLARENET - Cloudflare, Inc.
162.158.82.0	162.158.83.255	13335	US	CLOUDFLARENET - Cloudflare, Inc.
162.158.84.0	162.158.87.255	13335	US	CLOUDFLARENET - Cloudflare, Inc.
162.158.88.0	162.158.95.255	13335	US	CLOUDFLARENET - Cloudflare, Inc.
162.158.96.0	162.158.96.255	13335	US	CLOUDFLARENET - Cloudflare, Inc.
162.158.97.0	162.158.97.255	13335	US	CLOUDFLARENET - Cloudflare, Inc.
162.158.98.0	162.158.98.255	13335	US	CLOUDFLARENET - Cloudflare, Inc.
162.158.99.0	162.158.99.255	13335	US	CLOUDFLARENET - Cloudflare, Inc.
162.158.100.0	162.158.100.255	13335	US	CLOUDFLARENET - Cloudflare, Inc.
162.158.101.0	162.158.101.255	13335	US	CLOUDFLARENET - Cloudflare, Inc.
162.158.102.0	162.158.102.255	13335	US	CLOUDFLARENET - Cloudflare, Inc.
162.158.103.0	162.158.103.255	13335	US	CLOUDFLARENET - Cloudflare, Inc.
162.158.104.0	162.158.104.255	13335	US	CLOUDFLARENET - Cloudflare, Inc.
162.158.105.0	162.158.105.255	13335	US	CLOUDFLARENET - Cloudflare, Inc.
162.158.106.0	162.158.106.255	13335	US	CLOUDFLARENET - Cloudflare, Inc.
162.158.107.0	162.158.107.255	13335	US	CLOUDFLARENET - Cloudflare, Inc.
162.158.108.0	162.158.111.255	13335	US	CLOUDFLARENET - Cloudflare, Inc.
162.158.112.0	162.158.112.255	13335	US	CLOUDFLARENET - Cloudflare, Inc.
162.158.113.0	162.158.113.255	13335	US	CLOUDFLARENET - Cloudflare, Inc.
162.158.114.0	162.158.114.255	13335	US	CLOUDFLARENET - Cloudflare, Inc.
162.158.115.0	162.158.115.255	13335	US	CLOUDFLARENET - Cloudflare, Inc.
162.158.116.0	162.158.119.255	13335	US	CLOUDFLARENET - Cloudflare, Inc.
162.158.120.0	162.158.120.255	13335	US	CLOUDFLARENET - Cloudflare, Inc.
162.158.121.0	162.158.121.255	13335	US	CLOUDFLARENET - Cloudflare, Inc.
162.158.122.0	162.158.122.255	13335	US	CLOUDFLARENET - Cloudflare, Inc.
162.158.123.0	162.158.123.255	13335	US	CLOUDFLARENET - Cloudflare, Inc.
162.158.124.0	162.158.127.255	13335	US	CLOUDFLARENET - Cloudflare, Inc.
162.158.128.0	162.158.131.255	13335	US	CLOUDFLARENET - Cloudflare, Inc.
162.158.132.0	162.158.132.255	13335	US	CLOUDFLARENET - Cloudflare, Inc.
162.158.133.0	162.158.133.255	13335	US	CLOUDFLARENET - Cloudflare, Inc.
162.158.134.0	162.158.134.255	13335	US	CLOUDFLARENET - Cloudflare, Inc.
162.158.135.0	162.158.135.255	13335	US	CLOUDFLARENET - Cloudflare, Inc.
162.158.136.0	162.158.139.255	13335	US	CLOUDFLARENET - Cloudflare, Inc.
162.158.140.0	162.158.140.255	13335	US	CLOUDFLARENET - Cloudflare, Inc.
162.158.141.0	162.158.141.255	13335	US	CLOUDFLARENET - Cloudflare, Inc.
162.158.142.0	162.158.142.255	13335	US	CLOUDFLARENET - Cloudflare, Inc.
162.158.143.0	162.158.143.255	13335	US	CLOUDFLARENET - Cloudflare, Inc.
162.158.144.0	162.158.144.255	13335	US	CLOUDFLARENET - Cloudflare, Inc.
162.158.145.0	162.158.145.255	13335	US	CLOUDFLARENET - Cloudflare, Inc.
162.158.146.0	162.158.146.255	13335	US	CLOUDFLARENET - Cloudflare, Inc.
162.158.147.0	162.158.147.255	13335	US	CLOUDFLARENET - Cloudflare, Inc.
162.158.148.0	162.158.151.255	13335	US	CLOUDFLARENET - Cloudflare, Inc.
162.158.152.0	162.158.155.255	13335	US	CLOUDFLARENET - Cloudflare, Inc.
162.158.156.0	162.158.159.255	13335	US	CLOUDFLARENET - Cloudflare, Inc.
162.158.160.0	162.158.175.255	13335	US	CLOUDFLARENET - Cloudflare, Inc.
162.158.176.0	162.158.176.255	13335	US	CLOUDFLARENET - Cloudflare, Inc.
162.158.177.0	162.158.177.255	13335	US	CLOUDFLARENET - Cloudflare, Inc.
162.158.178.0	162.158.178.255	13335	US	CLOUDFLARENET - Cloudflare, Inc.
162.158.179.0	162.158.179.255	13335	US	CLOUDFLARENET - Cloudflare, Inc.
162.158.180.0	162.158.183.255	13335	US	CLOUDFLARENET - Cloudflare, Inc.
162.158.184.0	162.158.184.255	13335	US	CLOUDFLARENET - Cloudflare, Inc.
162.158.185.0	162.158.185.255	13335	US	CLOUDFLARENET - Cloudflare, Inc.
162.158.186.0	162.158.186.255	13335	US	CLOUDFLARENET - Cloudflare, Inc.
162.158.187.0	162.158.187.255	13335	US	CLOUDFLARENET - Cloudflare, Inc.
162.158.188.0	162.158.188.255	13335	US	CLOUDFLARENET - Cloudflare, Inc.
162.158.189.0	162.158.189.255	13335	US	CLOUDFLARENET - Cloudflare, Inc.
162.158.190.0	162.158.190.255	13335	US	CLOUDFLARENET - Cloudflare, Inc.
162.158.191.0	162.158.191.255	13335	US	CLOUDFLARENET - Cloudflare, Inc.
162.158.192.0	162.158.192.255	13335	US	CLOUDFLARENET - Cloudflare, Inc.
162.158.193.0	162.158.193.255	13335	US	CLOUDFLARENET - Cloudflare, Inc.
162.158.194.0	162.158.194.255	13335	US	CLOUDFLARENET - Cloudflare, Inc.
162.158.195.0	162.158.195.255	13335	US	CLOUDFLARENET - Cloudflare, Inc.
162.158.196.0	162.158.196.255	13335	US	CLOUDFLARENET - Cloudflare, Inc.
162.158.197.0	162.158.197.255	13335	US	CLOUDFLARENET - Cloudflare, Inc.
162.158.198.0	162.158.198.255	13335	US	CLOUDFLARENET - Cloudflare, Inc.
162.158.199.0	162.158.199.255	13335	US	CLOUDFLARENET - Cloudflare, Inc.
162.158.200.0	162.158.203.255	13335	US	CLOUDFLARENET - Cloudflare, Inc.
162.158.204.0	162.158.205.255	13335	US	CLOUDFLARENET - Cloudflare, Inc.
162.158.206.0	162.158.207.255	13335	US	CLOUDFLARENET - Cloudflare, Inc.
162.158.208.0	162.158.211.255	13335	US	CLOUDFLARENET - Cloudflare, Inc.
162.158.212.0	162.158.215.255	13335	US	CLOUDFLARENET - Cloudflare, Inc.
162.158.216.0	162.158.217.255	13335	US	CLOUDFLARENET - Cloudflare, Inc.
162.158.218.0	162.158.219.255	13335	US	CLOUDFLARENET - Cloudflare, Inc.
162.158.220.0	162.158.223.255	13335	US	CLOUDFLARENET - Cloudflare, Inc.
162.158.224.0	162.158.227.255	13335	US	CLOUDFLARENET - Cloudflare, Inc.
162.158.228.0	162.158.231.255	13335	US	CLOUDFLARENET - Cloudflare, Inc.
162.158.232.0	162.158.235.255	13335	US	CLOUDFLARENET - Cloudflare, Inc.
162.158.236.0	162.158.239.255	13335	US	CLOUDFLARENET - Cloudflare, Inc.
162.158.240.0	162.158.243.255	13335	US	CLOUDFLARENET - Cloudflare, Inc.
162.158.244.0	162.158.247.255	13335	US	CLOUDFLARENET - Cloudflare, Inc.
162.158.248.0	162.158.249.255	13335	US	CLOUDFLARENET - Cloudflare, Inc.
162.158.250.0	162.158.251.255	13335	US	CLOUDFLARENET - Cloudflare, Inc.
162.158.252.0	162.158.255.255	13335	US	CLOUDFLARENET - Cloudflare, Inc.
162.159.0.0	162.159.0.255	13335	US	CLOUDFLARENET - Cloudflare, Inc.
162.159.1.0	162.159.1.255	13335	US	CLOUDFLARENET - Cloudflare, Inc.
162.159.2.0	162.159.2.255	13335	US	CLOUDFLARENET - Cloudflare, Inc.
162.159.3.0	162.159.3.255	13335	US	CLOUDFLARENET - Cloudflare, Inc.
162.159.4.0	162.159.4.255	13335	US	CLOUDFLARENET - Cloudflare, Inc.
162.159.5.0	162.159.5.255	13335	US	CLOUDFLARENET - Cloudflare, Inc.
162.159.6.0	162.159.6.255	13335	US	CLOUDFLARENET - Cloudflare, Inc.
162.159.7.0	162.159.7.255	13335	US	CLOUDFLARENET - Cloudflare, Inc.
162.159.8.0	162.159.8.255	13335	US	CLOUDFLARENET - Cloudflare, Inc.
162.159.9.0	162.159.9.255	13335	US	CLOUDFLARENET - Cloudflare, Inc.
162.159.10.0	162.159.10.255	13335	US	CLOUDFLARENET - Cloudflare, Inc.
162.159.11.0	162.159.11.255	13335	US	CLOUDFLARENET - Cloudflare, Inc.
162.159.12.0	162.159.12.255	13335	US	CLOUDFLARENET - Cloudflare, Inc.
162.159.13.0	162.159.13.255	13335	US	CLOUDFLARENET - Cloudflare, Inc.
162.159.14.0	162.159.14.255	13335	US	CLOUDFLARENET - Cloudflare, Inc.
162.159.15.0	162.159.15.255	13335	US	CLOUDFLARENET - Cloudflare, Inc.
162.159.16.0	162.159.16.255	13335	US	CLOUDFLARENET - Cloudflare, Inc.
162.159.17.0	162.159.17.255	13335	US	CLOUDFLARENET - Cloudflare, Inc.
162.159.18.0	162.159.18.255	13335	US	CLOUDFLARENET - Cloudflare, Inc.
162.159.19.0	162.159.19.255	13335	US	CLOUDFLARENET - Cloudflare, Inc.
162.159.20.0	162.159.20.255	13335	US	CLOUDFLARENET - Cloudflare, Inc.
162.159.21.0	162.159.21.255	13335	US	CLOUDFLARENET - Cloudflare, Inc.
162.159.22.0	162.159.22.255	13335	US	CLOUDFLARENET - Cloudflare, Inc.
162.159.23.0	162.159.23.255	13335	US	CLOUDFLARENET - Cloudflare, Inc.
162.159.24.0	162.159.24.255	13335	US	CLOUDFLARENET - Cloudflare, Inc.
162.159.25.0	162.159.25.255	13335	US	CLOUDFLARENET - Cloudflare, Inc.
162.159.26.0	162.159.26.255	13335	US	CLOUDFLARENET - Cloudflare, Inc.
162.159.27.0	162.159.27.255	13335	US	CLOUDFLARENET - Cloudflare, Inc.
162.159.28.0	162.159.28.255	13335	US	CLOUDFLARENET - Cloudflare, Inc.
162.159.29.0	162.159.29.255	13335	US	CLOUDFLARENET - Cloudflare, Inc.
162.159.30.0	162.159.30.255	13335	US	CLOUDFLARENET - Cloudflare, Inc.
162.159.31.0	162.159.31.255	13335	US	CLOUDFLARENET - Cloudflare, Inc.
162.159.32.0	162.159.33.255	13335	US	CLOUDFLARENET - Cloudflare, Inc.
162.159.34.0	162.159.35.255	13335	US	CLOUDFLARENET - Cloudflare, Inc.
162.159.36.0	162.159.36.255	13335	US	CLOUDFLARENET - Cloudflare, Inc.
162.159.40.0	162.159.41.255	13335	US	CLOUDFLARENET - Cloudflare, Inc.
162.159.42.0	162.159.43.255	13335	US	CLOUDFLARENET - Cloudflare, Inc.
162.159.46.0	162.159.46.255	13335	US	CLOUDFLARENET - Cloudflare, Inc.
162.159.128.0	162.159.131.255	13335	US	CLOUDFLARENET - Cloudflare, Inc.
162.159.132.0	162.159.132.255	13335	US	CLOUDFLARENET - Cloudflare, Inc.
162.159.133.0	162.159.159.255	13335	US	CLOUDFLARENET - Cloudflare, Inc.
162.159.160.0	162.159.207.255	13335	US	CLOUDFLARENET - Cloudflare, Inc.
162.159.208.0	162.159.211.255	13335	US	CLOUDFLARENET - Cloudflare, Inc.
162.159.212.0	162.159.215.255	13335	US	CLOUDFLARENET - Cloudflare, Inc.
162.159.216.0	162.159.223.255	13335	US	CLOUDFLARENET - Cloudflare, Inc.
162.159.224.0	162.159.239.255	13335	US	CLOUDFLARENET - Cloudflare, Inc.
162.159.240.0	162.159.255.255	13335	US	CLOUDFLARENET - Cloudflare, Inc.
162.216.148.0	162.216.151.255	15169	US	GOOGLE - Google LLC
162.222.176.0	162.222.183.255	15169	US	GOOGLE - Google LLC
162.251.82.0	162.251.82.255	13335	US	CLOUDFLARENET - Cloudflare, Inc.
172.64.0.0	172.64.15.255	13335	US	CLOUDFLARENET - Cloudflare, Inc.
172.64.16.0	172.64.31.255	13335	US	CLOUDFLARENET - Cloudflare, Inc.
172.64.32.0	172.64.47.255	13335	US	CLOUDFLARENET - Cloudflare, Inc.
172.64.48.0	172.64.63.255	13335	US	CLOUDFLARENET - Cloudflare, Inc.
172.64.64.0	172.64.79.255	13335	US	CLOUDFLARENET - Cloudflare, Inc.
172.64.80.0	172.64.95.255	13335	US	CLOUDFLARENET - Cloudflare, Inc.
172.64.96.0	172.64.111.255	13335	US	CLOUDFLARENET - Cloudflare, Inc.
172.64.112.0	172.64.127.255	13335	US	CLOUDFLARENET - Cloudflare, Inc.
172.64.128.0	172.64.143.255	13335	US	CLOUDFLARENET - Cloudflare, Inc.
172.64.144.0	172.64.159.255	13335	US	CLOUDFLARENET - Cloudflare, Inc.
172.64.160.0	172.64.175.255	13335	US	CLOUDFLARENET - Cloudflare, Inc.
172.64.176.0	172.64.191.255	13335	US	CLOUDFLARENET - Cloudflare, Inc.
172.64.192.0	172.64.207.255	13335	US	CLOUDFLARENET - Cloudflare, Inc.
172.64.208.0	172.64.223.255	13335	US	CLOUDFLARENET - Cloudflare, Inc.
172.64.224.0	172.64.255.255	13335	US	CLOUDFLARENET - Cloudflare, Inc.
172.65.0.0	172.65.15.255	13335	US	CLOUDFLARENET - Cloudflare, Inc.
172.65.16.0	172.65.31.255	13335	US	CLOUDFLARENET - Cloudflare, Inc.
172.65.32.0	172.65.47.255	13335	US	CLOUDFLARENET - Cloudflare, Inc.
172.65.48.0	172.65.63.255	13335	US	CLOUDFLARENET - Cloudflare, Inc.
172.65.64.0	172.65.79.255	13335	US	CLOUDFLARENET - Cloudflare, Inc.
172.65.80.0	172.65.95.255	13335	US	CLOUDFLARENET - Cloudflare, Inc.
172.65.96.0	172.65.111.255	13335	US	CLOUDFLARENET - Cloudflare, Inc.
172.65.112.0	172.65.127.255	13335	US	CLOUDFLARENET - Cloudflare, Inc.
172.65.128.0	172.65.143.255	13335	US	CLOUDFLARENET - Cloudflare, Inc.
172.65.144.0	172.65.159.255	13335	US	CLOUDFLARENET - Cloudflare, Inc.
172.65.160.0	172.65.175.255	13335	US	CLOUDFLARENET - Cloudflare, Inc.
172.65.176.0	172.65.191.255	13335	US	CLOUDFLARENET - Cloudflare, Inc.
172.65.192.0	172.65.207.255	13335	US	CLOUDFLARENET - Cloudflare, Inc.
172.65.208.0	172.65.223.255	13335	US	CLOUDFLARENET - Cloudflare, Inc.
172.65.224.0	172.65.239.255	13335	US	CLOUDFLARENET - Cloudflare, Inc.
172.65.240.0	172.65.255.255	13335	US	CLOUDFLARENET - Cloudflare, Inc.
172.68.0.0	172.68.3.255	13335	US	CLOUDFLARENET - Cloudflare, Inc.
172.68.4.0	172.68.7.255	13335	US	CLOUDFLARENET - Cloudflare, Inc.
172.68.8.0	172.68.11.255	13335	US	CLOUDFLARENET - Cloudflare, Inc.
172.68.12.0	172.68.15.255	13335	US	CLOUDFLARENET - Cloudflare, Inc.
172.68.16.0	172.68.31.255	13335	US	CLOUDFLARENET - Cloudflare, Inc.
172.68.32.0	172.68.35.255	13335	US	CLOUDFLARENET - Cloudflare, Inc.
172.68.36.0	172.68.39.255	13335	US	CLOUDFLARENET - Cloudflare, Inc.
172.68.40.0	172.68.43.255	13335	US	CLOUDFLARENET - Cloudflare, Inc.
172.68.44.0	172.68.47.255	13335	US	CLOUDFLARENET - Cloudflare, Inc.
172.68.48.0	172.68.51.255	13335	US	CLOUDFLARENET - Cloudflare, Inc.
172.68.52.0	172.68.55.255	13335	US	CLOUDFLARENET - Cloudflare, Inc.
172.68.56.0	172.68.56.255	13335	US	CLOUDFLARENET - Cloudflare, Inc.
172.68.57.0	172.68.57.255	13335	US	CLOUDFLARENET - Cloudflare, Inc.
172.68.58.0	172.68.58.255	13335	US	CLOUDFLARENET - Cloudflare, Inc.
172.68.59.0	172.68.59.255	13335	US	CLOUDFLARENET - Cloudflare, Inc.
172.68.60.0	172.68.63.255	13335	US	CLOUDFLARENET - Cloudflare, Inc.
172.68.64.0	172.68.67.255	13335	US	CLOUDFLARENET - Cloudflare, Inc.
172.68.68.0	172.68.71.255	13335	US	CLOUDFLARENET - Cloudflare, Inc.
172.68.72.0	172.68.75.255	13335	US	CLOUDFLARENET - Cloudflare, Inc.
172.68.76.0	172.68.79.255	13335	US	CLOUDFLARENET - Cloudflare, Inc.
172.68.80.0	172.68.83.255	13335	US	CLOUDFLARENET - Cloudflare, Inc.
172.68.84.0	172.68.87.255	13335	US	CLOUDFLARENET - Cloudflare, Inc.
172.68.88.0	172.68.91.255	13335	US	CLOUDFLARENET - Cloudflare, Inc.
172.68.92.0	172.68.95.255	13335	US	CLOUDFLARENET - Cloudflare, Inc.
172.68.96.0	172.68.99.255	13335	US	CLOUDFLARENET - Cloudflare, Inc.
172.68.100.0	172.68.103.255	13335	US	CLOUDFLARENET - Cloudflare, Inc.
172.68.104.0	172.68.107.255	13335	US	CLOUDFLARENET - Cloudflare, Inc.
172.68.108.0	172.68.111.255	13335	US	CLOUDFLARENET - Cloudflare, Inc.
172.68.112.0	172.68.115.255	13335	US	CLOUDFLARENET - Cloudflare, Inc.
172.68.116.0	172.68.119.255	13335	US	CLOUDFLARENET - Cloudflare, Inc.
172.68.120.0	172.68.121.255	13335	US	CLOUDFLARENET - Cloudflare, Inc.
172.68.124.0	172.68.127.255	13335	US	CLOUDFLARENET - Cloudflare, Inc.
172.68.128.0	172.68.131.255	13335	US	CLOUDFLARENET - Cloudflare, Inc.
172.68.132.0	172.68.135.255	13335	US	CLOUDFLARENET - Cloudflare, Inc.
172.68.136.0	172.68.139.255	13335	US	CLOUDFLARENET - Cloudflare, Inc.
172.68.140.0	172.68.143.255	13335	US	CLOUDFLARENET - Cloudflare, Inc.
172.68.144.0	172.68.147.255	13335	US	CLOUDFLARENET - Cloudflare, Inc.
172.68.148.0	172.68.151.255	13335	US	CLOUDFLARENET - Cloudflare, Inc.
172.68.152.0	172.68.155.255	13335	US	CLOUDFLARENET - Cloudflare, Inc.
172.68.160.0	172.68.163.255	13335	US	CLOUDFLARENET - Cloudflare, Inc.
172.68.164.0	172.68.165.255	13335	US	CLOUDFLARENET - Cloudflare, Inc.
172.68.166.0	172.68.167.255	13335	US	CLOUDFLARENET - Cloudflare, Inc.
172.68.168.0	172.68.169.255	13335	US	CLOUDFLARENET - Cloudflare, Inc.
172.68.170.0	172.68.171.255	13335	US	CLOUDFLARENET - Cloudflare, Inc.
172.68.172.0	172.68.175.255	13335	US	CLOUDFLARENET - Cloudflare, Inc.
172.68.176.0	172.68.179.255	13335	US	CLOUDFLARENET - Cloudflare, Inc.
172.68.180.0	172.68.183.255	13335	US	CLOUDFLARENET - Cloudflare, Inc.
172.68.184.0	172.68.187.255	13335	US	CLOUDFLARENET - Cloudflare, Inc.
172.68.188.0	172.68.191.255	13335	US	CLOUDFLARENET - Cloudflare, Inc.
172.68.196.0	172.68.199.255	13335	US	CLOUDFLARENET - Cloudflare, Inc.
172.68.200.0	172.68.203.255	13335	US	CLOUDFLARENET - Cloudflare, Inc.
172.68.204.0	172.68.207.255	13335	US	CLOUDFLARENET - Cloudflare, Inc.
172.68.208.0	172.68.211.255	13335	US	CLOUDFLARENET - Cloudflare, Inc.
172.68.212.0	172.68.215.255	13335	US	CLOUDFLARENET - Cloudflare, Inc.
172.68.216.0	172.68.219.255	13335	US	CLOUDFLARENET - Cloudflare, Inc.
172.68.220.0	172.68.223.255	13335	US	CLOUDFLARENET - Cloudflare, Inc.
172.68.224.0	172.68.227.255	13335	US	CLOUDFLARENET - Cloudflare, Inc.
172.68.228.0	172.68.231.255	13335	US	CLOUDFLARENET - Cloudflare, Inc.
172.68.232.0	172.68.235.255	13335	US	CLOUDFLARENET - Cloudflare, Inc.
172.68.236.0	172.68.239.255	13335	US	CLOUDFLARENET - Cloudflare, Inc.
172.68.240.0	172.68.243.255	13335	US	CLOUDFLARENET - Cloudflare, Inc.
172.68.244.0	172.68.247.255	13335	US	CLOUDFLARENET - Cloudflare, Inc.
172.68.248.0	172.68.255.255	13335	US	CLOUDFLARENET - Cloudflare, Inc.
172.69.0.0	172.69.1.255	13335	US	CLOUDFLARENET - Cloudflare, Inc.
172.69.4.0	172.69.7.255	13335	US	CLOUDFLARENET - Cloudflare, Inc.
172.69.8.0	172.69.11.255	13335	US	CLOUDFLARENET - Cloudflare, Inc.
172.69.12.0	172.69.15.255	13335	US	CLOUDFLARENET - Cloudflare, Inc.
172.69.16.0	172.69.31.255	13335	US	CLOUDFLARENET - Cloudflare, Inc.
172.69.32.0	172.69.35.255	13335	US	CLOUDFLARENET - Cloudflare, Inc.
172.69.36.0	172.69.37.255	13335	US	CLOUDFLARENET - Cloudflare, Inc.
172.69.38.0	172.69.39.255	13335	US	CLOUDFLARENET - Cloudflare, Inc.
172.69.40.0	172.69.43.255	13335	US	CLOUDFLARENET - Cloudflare, Inc.
172.69.44.0	172.69.47.255	13335	US	CLOUDFLARENET - Cloudflare, Inc.
172.69.48.0	172.69.51.255	13335	US	CLOUDFLARENET - Cloudflare, Inc.
172.69.52.0	172.69.55.255	13335	US	CLOUDFLARENET - Cloudflare, Inc.
172.69.56.0	172.69.59.255	13335	US	CLOUDFLARENET - Cloudflare, Inc.
172.69.60.0	172.69.63.255	13335	US	CLOUDFLARENET - Cloudflare, Inc.
172.69.64.0	172.69.71.255	13335	US	CLOUDFLARENET - Cloudflare, Inc.
172.69.72.0	172.69.75.255	13335	US	CLOUDFLARENET - Cloudflare, Inc.
172.69.76.0	172.69.79.255	13335	US	CLOUDFLARENET - Cloudflare, Inc.
172.69.80.0	172.69.83.255	13335	US	CLOUDFLARENET - Cloudflare, Inc.
172.69.84.0	172.69.87.255	13335	US	CLOUDFLARENET - Cloudflare, Inc.
172.69.88.0	172.69.91.255	13335	US	CLOUDFLARENET - Cloudflare, Inc.
172.69.92.0	172.69.95.255	13335	US	CLOUDFLARENET - Cloudflare, Inc.
172.69.96.0	172.69.99.255	13335	US	CLOUDFLARENET - Cloudflare, Inc.
172.69.100.0	172.69.103.255	13335	US	CLOUDFLARENET - Cloudflare, Inc.
172.69.104.0	172.69.107.255	13335	US	CLOUDFLARENET - Cloudflare, Inc.
172.69.112.0	172.69.115.255	13335	US	CLOUDFLARENET - Cloudflare, Inc.
172.69.116.0	172.69.119.255	13335	US	CLOUDFLARENET - Cloudflare, Inc.
172.69.120.0	172.69.123.255	13335	US	CLOUDFLARENET - Cloudflare, Inc.
172.69.124.0	172.69.127.255	13335	US	CLOUDFLARENET - Cloudflare, Inc.
172.69.128.0	172.69.131.255	13335	US	CLOUDFLARENET - Cloudflare, Inc.
172.69.132.0	172.69.135.255	13335	US	CLOUDFLARENET - Cloudflare, Inc.
172.69.136.0	172.69.139.255	13335	US	CLOUDFLARENET - Cloudflare, Inc.
172.69.140.0	172.69.143.255	13335	US	CLOUDFLARENET - Cloudflare, Inc.
172.69.144.0	172.69.147.255	13335	US	CLOUDFLARENET - Cloudflare, Inc.
172.69.148.0	172.69.151.255	13335	US	CLOUDFLARENET - Cloudflare, Inc.
172.69.152.0	172.69.155.255	13335	US	CLOUDFLARENET - Cloudflare, Inc.
172.69.156.0	172.69.159.255	13335	US	CLOUDFLARENET - Cloudflare, Inc.
172.69.160.0	172.69.163.255	13335	US	CLOUDFLARENET - Cloudflare, Inc.
172.69.164.0	172.69.167.255	13335	US	CLOUDFLARENET - Cloudflare, Inc.
172.69.168.0	172.69.171.255	13335	US	CLOUDFLARENET - Cloudflare, Inc.
172.69.172.0	172.69.175.255	13335	US	CLOUDFLARENET - Cloudflare, Inc.
172.69.176.0	172.69.179.255	13335	US	CLOUDFLARENET - Cloudflare, Inc.
172.69.180.0	172.69.183.255	13335	US	CLOUDFLARENET - Cloudflare, Inc.
172.69.184.0	172.69.187.255	13335	US	CLOUDFLARENET - Cloudflare, Inc.
172.69.188.0	172.69.191.255	13335	US	CLOUDFLARENET - Cloudflare, Inc.
172.69.192.0	172.69.195.255	13335	US	CLOUDFLARENET - Cloudflare, Inc.
172.69.196.0	172.69.199.255	13335	US	CLOUDFLARENET - Cloudflare, Inc.
172.69.200.0	172.69.203.255	13335	US	CLOUDFLARENET - Cloudflare, Inc.
172.69.204.0	172.69.207.255	13335	US	CLOUDFLARENET - Cloudflare, Inc.
172.69.208.0	172.69.211.255	13335	US	CLOUDFLARENET - Cloudflare, Inc.
172.69.212.0	172.69.215.255	13335	US	CLOUDFLARENET - Cloudflare, Inc.
172.69.216.0	172.69.219.255	13335	US	CLOUDFLARENET - Cloudflare, Inc.
172.69.220.0	172.69.223.255	13335	US	CLOUDFLARENET - Cloudflare, Inc.
172.69.224.0	172.69.225.255	13335	US	CLOUDFLARENET - Cloudflare, Inc.
172.69.226.0	172.69.227.255	13335	US	CLOUDFLARENET - Cloudflare, Inc.
172.69.228.0	172.69.231.255	13335	US	CLOUDFLARENET - Cloudflare, Inc.
172.69.232.0	172.69.235.255	13335	US	CLOUDFLARENET - Cloudflare, Inc.
172.69.236.0	172.69.239.255	13335	US	CLOUDFLARENET - Cloudflare, Inc.
172.69.240.0	172.69.243.255	13335	US	CLOUDFLARENET - Cloudflare, Inc.
172.69.244.0	172.69.245.255	13335	US	CLOUDFLARENET - Cloudflare, Inc.
172.69.246.0	172.69.247.255	13335	US	CLOUDFLARENET - Cloudflare, Inc.
172.69.248.0	172.69.251.255	13335	US	CLOUDFLARENET - Cloudflare, Inc.
172.69.252.0	172.69.255.255	13335	US	CLOUDFLARENET - Cloudflare, Inc.
172.102.8.0	172.102.8.255	15169	US	GOOGLE - Google LLC
172.102.9.0	172.102.9.255	15169	US	GOOGLE - Google LLC
172.102.10.0	172.102.10.255	15169	US	GOOGLE - Google LLC
172.102.11.0	172.102.11.255	15169	US	GOOGLE - Google LLC
172.102.12.0	172.102.15.255	15169	US	GOOGLE - Google LLC
172.110.32.0	172.110.39.255	15169	US	GOOGLE - Google LLC
172.217.0.0	172.217.0.255	15169	US	GOOGLE - Google LLC
172.217.1.0	172.217.1.255	15169	US	GOOGLE - Google LLC
172.217.2.0	172.217.2.255	15169	US	GOOGLE - Google LLC
172.217.3.0	172.217.3.255	15169	US	GOOGLE - Google LLC
172.217.4.0	172.217.4.255	15169	US	GOOGLE - Google LLC
172.217.5.0	172.217.5.255	15169	US	GOOGLE - Google LLC
172.217.6.0	172.217.6.255	15169	US	GOOGLE - Google LLC
172.217.7.0	172.217.7.255	15169	US	GOOGLE - Google LLC
172.217.8.0	172.217.8.255	15169	US	GOOGLE - Google LLC
172.217.9.0	172.217.9.255	15169	US	GOOGLE - Google LLC
172.217.10.0	172.217.10.255	15169	US	GOOGLE - Google LLC
172.217.11.0	172.217.11.255	15169	US	GOOGLE - Google LLC
172.217.12.0	172.217.12.255	15169	US	GOOGLE - Google LLC
172.217.13.0	172.217.13.255	15169	US	GOOGLE - Google LLC
172.217.14.0	172.217.14.255	15169	US	GOOGLE - Google LLC
172.217.15.0	172.217.15.255	15169	US	GOOGLE - Google LLC
172.217.16.0	172.217.16.255	15169	US	GOOGLE - Google LLC
172.217.17.0	172.217.17.255	15169	US	GOOGLE - Google LLC
172.217.18.0	172.217.18.255	15169	US	GOOGLE - Google LLC
172.217.19.0	172.217.19.255	15169	US	GOOGLE - Google LLC
172.217.20.0	172.217.20.255	15169	US	GOOGLE - Google LLC
172.217.21.0	172.217.21.255	15169	US	GOOGLE - Google LLC
172.217.22.0	172.217.22.255	15169	US	GOOGLE - Google LLC
172.217.23.0	172.217.23.255	15169	US	GOOGLE - Google LLC
172.217.24.0	172.217.24.255	15169	US	GOOGLE - Google LLC
172.217.25.0	172.217.25.255	15169	US	GOOGLE - Google LLC
172.217.26.0	172.217.26.255	15169	US	GOOGLE - Google LLC
172.217.27.0	172.217.27.255	15169	US	GOOGLE - Google LLC
172.217.28.0	172.217.28.255	15169	US	GOOGLE - Google LLC
172.217.29.0	172.217.29.255	15169	US	GOOGLE - Google LLC
172.217.30.0	172.217.30.255	15169	US	GOOGLE - Google LLC
172.217.31.0	172.217.31.255	15169	US	GOOGLE - Google LLC
172.217.32.0	172.217.127.255	15169	US	GOOGLE - Google LLC
172.217.128.0	172.217.159.255	15169	US	GOOGLE - Google LLC
172.217.160.0	172.217.191.255	15169	US	GOOGLE - Google LLC
172.217.192.0	172.217.192.255	15169	US	GOOGLE - Google LLC
172.217.193.0	172.217.193.255	15169	US	GOOGLE - Google LLC
172.217.194.0	172.217.194.255	15169	US	GOOGLE - Google LLC
172.217.195.0	172.217.195.255	15169	US	GOOGLE - Google LLC
172.217.196.0	172.217.196.255	15169	US	GOOGLE - Google LLC
172.217.197.0	172.217.197.255	15169	US	GOOGLE - Google LLC
172.217.198.0	172.217.202.255	15169	US	GOOGLE - Google LLC
172.217.203.0	172.217.203.255	15169	US	GOOGLE - Google LLC
172.217.204.0	172.217.204.255	15169	US	GOOGLE - Google LLC
172.217.205.0	172.217.223.255	15169	US	GOOGLE - Google LLC
172.217.224.0	172.217.255.255	15169	US	GOOGLE - Google LLC
172.253.0.0	172.253.255.255	15169	US	GOOGLE - Google LLC
173.194.0.0	173.194.6.255	15169	US	GOOGLE - Google LLC
173.194.7.0	173.194.7.255	15169	US	GOOGLE - Google LLC
173.194.8.0	173.194.31.255	15169	US	GOOGLE - Google LLC
173.194.32.0	173.194.32.255	15169	US	GOOGLE - Google LLC
173.194.33.0	173.194.33.255	15169	US	GOOGLE - Google LLC
173.194.34.0	173.194.34.255	15169	US	GOOGLE - Google LLC
173.194.35.0	173.194.35.255	15169	US	GOOGLE - Google LLC
173.194.36.0	173.194.36.255	15169	US	GOOGLE - Google LLC
173.194.37.0	173.194.37.255	15169	US	GOOGLE - Google LLC
173.194.38.0	173.194.38.255	15169	US	GOOGLE - Google LLC
173.194.39.0	173.194.39.255	15169	US	GOOGLE - Google LLC
173.194.40.0	173.194.40.255	15169	US	GOOGLE - Google LLC
173.194.41.0	173.194.41.255	15169	US	GOOGLE - Google LLC
173.194.42.0	173.194.42.255	15169	US	GOOGLE - Google LLC
173.194.43.0	173.194.43.255	15169	US	GOOGLE - Google LLC
173.194.44.0	173.194.44.255	15169	US	GOOGLE - Google LLC
173.194.45.0	173.194.45.255	15169	US	GOOGLE - Google LLC
173.194.46.0	173.194.46.255	15169	US	GOOGLE - Google LLC
173.194.47.0	173.194.47.255	15169	US	GOOGLE - Google LLC
173.194.48.0	173.194.52.255	15169	US	GOOGLE - Google LLC
173.194.53.0	173.194.53.255	15169	US	GOOGLE - Google LLC
173.194.54.0	173.194.62.255	15169	US	GOOGLE - Google LLC
173.194.63.0	173.194.63.255	15169	US	GOOGLE - Google LLC
173.194.64.0	173.194.65.255	15169	US	GOOGLE - Google LLC
173.194.66.0	173.194.66.255	15169	US	GOOGLE - Google LLC
173.194.67.0	173.194.67.255	15169	US	GOOGLE - Google LLC
173.194.68.0	173.194.68.255	15169	US	GOOGLE - Google LLC
173.194.69.0	173.194.69.255	15169	US	GOOGLE - Google LLC
173.194.70.0	173.194.70.255	15169	US	GOOGLE - Google LLC
173.194.71.0	173.194.72.255	15169	US	GOOGLE - Google LLC
173.194.73.0	173.194.73.255	15169	US	GOOGLE - Google LLC
173.194.74.0	173.194.74.255	15169	US	GOOGLE - Google LLC
173.194.75.0	173.194.75.255	15169	US	GOOGLE - Google LLC
173.194.76.0	173.194.76.255	15169	US	GOOGLE - Google LLC
173.194.77.0	173.194.77.255	15169	US	GOOGLE - Google LLC
173.194.78.0	173.194.78.255	15169	US	GOOGLE - Google LLC
173.194.79.0	173.194.79.255	15169	US	GOOGLE - Google LLC
173.194.80.0	173.194.95.255	15169	US	GOOGLE - Google LLC
173.194.96.0	173.194.103.255	15169	US	GOOGLE - Google LLC
173.194.104.0	173.194.111.255	15169	US	GOOGLE - Google LLC
173.194.112.0	173.194.112.255	15169	US	GOOGLE - Google LLC
173.194.113.0	173.194.113.255	15169	US	GOOGLE - Google LLC
173.194.114.0	173.194.116.255	15169	US	GOOGLE - Google LLC
173.194.117.0	173.194.117.255	15169	US	GOOGLE - Google LLC
173.194.118.0	173.194.118.255	15169	US	GOOGLE - Google LLC
173.194.119.0	173.194.119.255	15169	US	GOOGLE - Google LLC
173.194.120.0	173.194.120.255	15169	US	GOOGLE - Google LLC
173.194.121.0	173.194.121.255	15169	US	GOOGLE - Google LLC
173.194.122.0	173.194.123.255	15169	US	GOOGLE - Google LLC
173.194.124.0	173.194.124.255	15169	US	GOOGLE - Google LLC
173.194.125.0	173.194.127.255	15169	US	GOOGLE - Google LLC
173.194.128.0	173.194.131.255	15169	US	GOOGLE - Google LLC
173.194.132.0	173.194.132.255	15169	US	GOOGLE - Google LLC
173.194.133.0	173.194.135.255	15169	US	GOOGLE - Google LLC
173.194.136.0	173.194.136.255	15169	US	GOOGLE - Google LLC
173.194.137.0	173.194.139.255	15169	US	GOOGLE - Google LLC
173.194.140.0	173.194.140.255	15169	US	GOOGLE - Google LLC
173.194.141.0	173.194.141.255	15169	US	GOOGLE - Google LLC
173.194.142.0	173.194.142.255	15169	US	GOOGLE - Google LLC
173.194.143.0	173.194.143.255	15169	US	GOOGLE - Google LLC
173.194.144.0	173.194.159.255	15169	US	GOOGLE - Google LLC
173.194.160.0	173.194.167.255	15169	US	GOOGLE - Google LLC
173.194.168.0	173.194.174.255	15169	US	GOOGLE - Google LLC
173.194.175.0	173.194.175.255	15169	US	GOOGLE - Google LLC
173.194.176.0	173.194.191.255	15169	US	GOOGLE - Google LLC
173.194.192.0	173.194.192.255	15169	US	GOOGLE - Google LLC
173.194.193.0	173.194.193.255	15169	US	GOOGLE - Google LLC
173.194.194.0	173.194.194.255	15169	US	GOOGLE - Google LLC
173.194.195.0	173.194.195.255	15169	US	GOOGLE - Google LLC
173.194.196.0	173.194.196.255	15169	US	GOOGLE - Google LLC
173.194.197.0	173.194.197.255	15169	US	GOOGLE - Google LLC
173.194.198.0	173.194.198.255	15169	US	GOOGLE - Google LLC
173.194.199.0	173.194.199.255	15169	US	GOOGLE - Google LLC
173.194.200.0	173.194.200.255	15169	US	GOOGLE - Google LLC
173.194.201.0	173.194.201.255	15169	US	GOOGLE - Google LLC
173.194.202.0	173.194.202.255	15169	US	GOOGLE - Google LLC
173.194.203.0	173.194.203.255	15169	US	GOOGLE - Google LLC
173.194.204.0	173.194.204.255	15169	US	GOOGLE - Google LLC
173.194.205.0	173.194.205.255	15169	US	GOOGLE - Google LLC
173.194.206.0	173.194.206.255	15169	US	GOOGLE - Google LLC
173.194.207.0	173.194.207.255	15169	US	GOOGLE - Google LLC
173.194.208.0	173.194.208.255	15169	US	GOOGLE - Google LLC
173.194.209.0	173.194.209.255	15169	US	GOOGLE - Google LLC
173.194.210.0	173.194.210.255	15169	US	GOOGLE - Google LLC
173.194.211.0	173.194.211.255	15169	US	GOOGLE - Google LLC
173.194.212.0	173.194.212.255	15169	US	GOOGLE - Google LLC
173.194.213.0	173.194.213.255	15169	US	GOOGLE - Google LLC
173.194.214.0	173.194.214.255	15169	US	GOOGLE - Google LLC
173.194.215.0	173.194.215.255	15169	US	GOOGLE - Google LLC
173.194.216.0	173.194.216.255	15169	US	GOOGLE - Google LLC
173.194.217.0	173.194.217.255	15169	US	GOOGLE - Google LLC
173.194.218.0	173.194.218.255	15169	US	GOOGLE - Google LLC
173.194.219.0	173.194.219.255	15169	US	GOOGLE - Google LLC
173.194.220.0	173.194.220.255	15169	US	GOOGLE - Google LLC
173.194.221.0	173.194.221.255	15169	US	GOOGLE - Google LLC
173.194.222.0	173.194.222.255	15169	US	GOOGLE - Google LLC
173.194.223.0	173.194.223.255	15169	US	GOOGLE - Google LLC
173.194.224.0	173.194.255.255	15169	US	GOOGLE - Google LLC
173.245.48.0	173.245.48.255	13335	US	CLOUDFLARENET - Cloudflare, Inc.
173.245.52.0	173.245.52.255	13335	US	CLOUDFLARENET - Cloudflare, Inc.
173.245.54.0	173.245.54.255	13335	US	CLOUDFLARENET - Cloudflare, Inc.
173.245.56.0	173.245.56.255	13335	US	CLOUDFLARENET - Cloudflare, Inc.
173.245.58.0	173.245.58.255	13335	US	CLOUDFLARENET - Cloudflare, Inc.
173.245.59.0	173.245.59.255	13335	US	CLOUDFLARENET - Cloudflare, Inc.
173.245.60.0	173.245.61.255	395747	US	CLOUDFLARENET-SFO05 - Cloudflare, Inc.
173.245.62.0	173.245.62.255	13335	US	CLOUDFLARENET - Cloudflare, Inc.
173.245.63.0	173.245.63.255	13335	US	CLOUDFLARENET - Cloudflare, Inc.
173.255.112.0	173.255.127.255	15169	US	GOOGLE - Google LLC
185.25.28.0	185.25.29.255	15169	US	GOOGLE - Google LLC
185.25.30.0	185.25.30.255	36385	US	GOOGLE-IT - Google LLC
185.122.0.0	185.122.0.255	203898	GB	CLOUDFLARENET-UK CloudFlare, Inc.
185.150.148.0	185.150.151.255	15169	US	GOOGLE - Google LLC
188.114.96.0	188.114.96.255	13335	US	CLOUDFLARENET - Cloudflare, Inc.
188.114.97.0	188.114.97.255	13335	US	CLOUDFLARENET - Cloudflare, Inc.
188.114.98.0	188.114.98.255	13335	US	CLOUDFLARENET - Cloudflare, Inc.
188.114.99.0	188.114.99.255	13335	US	CLOUDFLARENET - Cloudflare, Inc.
188.114.100.0	188.114.100.255	13335	US	CLOUDFLARENET - Cloudflare, Inc.
188.114.101.0	188.114.101.255	13335	US	CLOUDFLARENET - Cloudflare, Inc.
188.114.102.0	188.114.102.255	13335	US	CLOUDFLARENET - Cloudflare, Inc.
188.114.103.0	188.114.103.255	13335	US	CLOUDFLARENET - Cloudflare, Inc.
188.114.104.0	188.114.104.255	13335	US	CLOUDFLARENET - Cloudflare, Inc.
188.114.106.0	188.114.107.255	13335	US	CLOUDFLARENET - Cloudflare, Inc.
188.114.108.0	188.114.108.255	13335	US	CLOUDFLARENET - Cloudflare, Inc.
188.114.109.0	188.114.109.255	13335	US	CLOUDFLARENET - Cloudflare, Inc.
188.114.110.0	188.114.110.255	13335	US	CLOUDFLARENET - Cloudflare, Inc.
188.114.111.0	188.114.111.255	13335	US	CLOUDFLARENET - Cloudflare, Inc.
190.93.240.0	190.93.243.255	13335	US	CLOUDFLARENET - Cloudflare, Inc.
190.93.244.0	190.93.247.255	13335	US	CLOUDFLARENET - Cloudflare, Inc.
190.93.248.0	190.93.255.255	13335	US	CLOUDFLARENET - Cloudflare, Inc.
192.104.160.0	192.104.161.255	15169	US	GOOGLE - Google LLC
192.119.16.0	192.119.31.255	16591	US	GOOGLE-FIBER - Google Fiber Inc.
192.158.28.0	192.158.31.255	15169	US	GOOGLE - Google LLC
192.178.0.0	192.179.255.255	15169	US	GOOGLE - Google LLC
192.200.224.0	192.200.255.255	16591	US	GOOGLE-FIBER - Google Fiber Inc.
197.234.240.0	197.234.240.255	13335	US	CLOUDFLARENET - Cloudflare, Inc.
197.234.241.0	197.234.241.255	13335	US	CLOUDFLARENET - Cloudflare, Inc.
197.234.242.0	197.234.242.255	13335	US	CLOUDFLARENET - Cloudflare, Inc.
197.234.243.0	197.234.243.255	13335	US	CLOUDFLARENET - Cloudflare, Inc.
198.41.128.0	198.41.128.255	395747	US	CLOUDFLARENET-SFO05 - Cloudflare, Inc.
198.41.129.0	198.41.129.255	395747	US	CLOUDFLARENET-SFO05 - Cloudflare, Inc.
198.41.130.0	198.41.130.255	395747	US	CLOUDFLARENET-SFO05 - Cloudflare, Inc.
198.41.132.0	198.41.135.255	395747	US	CLOUDFLARENET-SFO05 - Cloudflare, Inc.
198.41.136.0	198.41.139.255	395747	US	CLOUDFLARENET-SFO05 - Cloudflare, Inc.
198.41.148.0	198.41.148.255	202623	LU	CLOUDFLARENET-LUX CloudFlare, Inc.
198.41.149.0	198.41.151.255	202623	LU	CLOUDFLARENET-LUX CloudFlare, Inc.
198.41.152.0	198.41.155.255	202623	LU	CLOUDFLARENET-LUX CloudFlare, Inc.
198.41.192.0	198.41.199.255	13335	US	CLOUDFLARENET - Cloudflare, Inc.
198.41.200.0	198.41.207.255	13335	US	CLOUDFLARENET - Cloudflare, Inc.
198.41.208.0	198.41.209.255	13335	US	CLOUDFLARENET - Cloudflare, Inc.
198.41.210.0	198.41.211.255	13335	US	CLOUDFLARENET - Cloudflare, Inc.
198.41.212.0	198.41.212.255	13335	US	CLOUDFLARENET - Cloudflare, Inc.
198.41.213.0	198.41.213.255	13335	US	CLOUDFLARENET - Cloudflare, Inc.
198.41.214.0	198.41.215.255	13335	US	CLOUDFLARENET - Cloudflare, Inc.
198.41.216.0	198.41.216.255	13335	US	CLOUDFLARENET - Cloudflare, Inc.
198.41.217.0	198.41.219.255	13335	US	CLOUDFLARENET - Cloudflare, Inc.
198.41.220.0	198.41.221.255	13335	US	CLOUDFLARENET - Cloudflare, Inc.
198.41.222.0	198.41.222.255	13335	US	CLOUDFLARENET - Cloudflare, Inc.
198.41.223.0	198.41.223.255	13335	US	CLOUDFLARENET - Cloudflare, Inc.
198.41.224.0	198.41.227.255	13335	US	CLOUDFLARENET - Cloudflare, Inc.
198.41.228.0	198.41.228.255	13335	US	CLOUDFLARENET - Cloudflare, Inc.
198.41.229.0	198.41.229.255	13335	US	CLOUDFLARENET - Cloudflare, Inc.
198.41.230.0	198.41.230.255	13335	US	CLOUDFLARENET - Cloudflare, Inc.
198.41.231.0	198.41.231.255	13335	US	CLOUDFLARENET - Cloudflare, Inc.
198.41.232.0	198.41.232.255	13335	US	CLOUDFLARENET - Cloudflare, Inc.
198.41.233.0	198.41.233.255	13335	US	CLOUDFLARENET - Cloudflare, Inc.
198.41.235.0	198.41.235.255	13335	US	CLOUDFLARENET - Cloudflare, Inc.
198.41.236.0	198.41.239.255	13335	US	CLOUDFLARENET - Cloudflare, Inc.
198.41.240.0	198.41.240.255	13335	US	CLOUDFLARENET - Cloudflare, Inc.
198.41.241.0	198.41.241.255	13335	US	CLOUDFLARENET - Cloudflare, Inc.
198.41.242.0	198.41.242.255	13335	US	CLOUDFLARENET - Cloudflare, Inc.
198.41.243.0	198.41.243.255	13335	US	CLOUDFLARENET - Cloudflare, Inc.
198.41.252.0	198.41.252.255	202623	LU	CLOUDFLARENET-LUX CloudFlare, Inc.
199.21.96.0	199.21.99.255	13335	US	CLOUDFLARENET - Cloudflare, Inc.
199.27.132.0	199.27.132.255	13335	US	CLOUDFLARENET - Cloudflare, Inc.
199.36.154.0	199.36.155.255	15169	US	GOOGLE - Google LLC
199.36.156.0	199.36.156.255	15169	US	GOOGLE - Google LLC
199.192.112.0	199.192.115.255	15169	US	GOOGLE - Google LLC
199.223.232.0	199.223.239.255	15169	US	GOOGLE - Google LLC
207.223.160.0	207.223.175.255	15169	US	GOOGLE - Google LLC
208.68.108.0	208.68.111.255	15169	US	GOOGLE - Google LLC
208.81.188.0	208.81.191.255	15169	US	GOOGLE - Google LLC
209.85.128.0	209.85.136.255	15169	US	GOOGLE - Google LLC
209.85.137.0	209.85.137.255	15169	US	GOOGLE - Google LLC
209.85.138.0	209.85.143.255	15169	US	GOOGLE - Google LLC
209.85.144.0	209.85.144.255	15169	US	GOOGLE - Google LLC
209.85.145.0	209.85.145.255	15169	US	GOOGLE - Google LLC
209.85.146.0	209.85.146.255	15169	US	GOOGLE - Google LLC
209.85.147.0	209.85.147.255	15169	US	GOOGLE - Google LLC
209.85.148.0	209.85.163.255	15169	US	GOOGLE - Google LLC
209.85.164.0	209.85.165.255	15169	US	GOOGLE - Google LLC
209.85.166.0	209.85.199.255	15169	US	GOOGLE - Google LLC
209.85.200.0	209.85.200.255	15169	US	GOOGLE - Google LLC
209.85.201.0	209.85.201.255	15169	US	GOOGLE - Google LLC
209.85.202.0	209.85.202.255	15169	US	GOOGLE - Google LLC
209.85.203.0	209.85.203.255	15169	US	GOOGLE - Google LLC
209.85.204.0	209.85.231.255	15169	US	GOOGLE - Google LLC
209.85.232.0	209.85.232.255	15169	US	GOOGLE - Google LLC
209.85.233.0	209.85.233.255	15169	US	GOOGLE - Google LLC
209.85.234.0	209.85.234.255	15169	US	GOOGLE - Google LLC
209.85.235.0	209.85.235.255	15169	US	GOOGLE - Google LLC
209.85.236.0	209.85.255.255	15169	US	GOOGLE - Google LLC
209.107.176.0	209.107.177.255	15169	US	GOOGLE - Google LLC
209.107.178.0	209.107.181.255	15169	US	GOOGLE - Google LLC
209.107.182.0	209.107.183.255	15169	US	GOOGLE - Google LLC
209.107.184.0	209.107.184.255	15169	US	GOOGLE - Google LLC
209.107.185.0	209.107.185.255	15169	US	GOOGLE - Google LLC
209.107.186.0	209.107.191.255	15169	US	GOOGLE - Google LLC
216.21.160.0	216.21.175.255	16591	US	GOOGLE-FIBER - Google Fiber Inc.
216.58.192.0	216.58.195.255	15169	US	GOOGLE - Google LLC
216.58.196.0	216.58.197.255	15169	US	GOOGLE - Google LLC
216.58.198.0	216.58.198.255	15169	US	GOOGLE - Google LLC
216.58.199.0	216.58.199.255	15169	US	GOOGLE - Google LLC
216.58.200.0	216.58.200.255	15169	US	GOOGLE - Google LLC
216.58.201.0	216.58.201.255	15169	US	GOOGLE - Google LLC
216.58.202.0	216.58.202.255	15169	US	GOOGLE - Google LLC
216.58.203.0	216.58.203.255	15169	US	GOOGLE - Google LLC
216.58.204.0	216.58.205.255	15169	US	GOOGLE - Google LLC
216.58.206.0	216.58.207.255	15169	US	GOOGLE - Google LLC
216.58.208.0	216.58.208.255	15169	US	GOOGLE - Google LLC
216.58.209.0	216.58.209.255	15169	US	GOOGLE - Google LLC
216.58.210.0	216.58.210.255	15169	US	GOOGLE - Google LLC
216.58.211.0	216.58.211.255	15169	US	GOOGLE - Google LLC
216.58.212.0	216.58.212.255	15169	US	GOOGLE - Google LLC
216.58.213.0	216.58.213.255	15169	US	GOOGLE - Google LLC
216.58.214.0	216.58.214.255	15169	US	GOOGLE - Google LLC
216.58.215.0	216.58.215.255	15169	US	GOOGLE - Google LLC
216.58.216.0	216.58.216.255	15169	US	GOOGLE - Google LLC
216.58.217.0	216.58.217.255	15169	US	GOOGLE - Google LLC
216.58.218.0	216.58.218.255	15169	US	GOOGLE - Google LLC
216.58.219.0	216.58.219.255	15169	US	GOOGLE - Google LLC
216.58.220.0	216.58.220.255	15169	US	GOOGLE - Google LLC
216.58.221.0	216.58.221.255	15169	US	GOOGLE - Google LLC
216.58.222.0	216.58.222.255	15169	US	GOOGLE - Google LLC
216.58.223.0	216.58.223.255	15169	US	GOOGLE - Google LLC
216.73.80.0	216.73.95.255	15169	US	GOOGLE - Google LLC
216.239.32.0	216.239.32.255	15169	US	GOOGLE - Google LLC
216.239.33.0	216.239.33.255	15169	US	GOOGLE - Google LLC
216.239.34.0	216.239.34.255	15169	US	GOOGLE - Google LLC
216.239.35.0	216.239.35.255	15169	US	GOOGLE - Google LLC
216.239.36.0	216.239.36.255	15169	US	GOOGLE - Google LLC
216.239.37.0	216.239.37.255	15169	US	GOOGLE - Google LLC
216.239.38.0	216.239.38.255	15169	US	GOOGLE - Google LLC
216.239.39.0	216.239.39.255	15169	US	GOOGLE - Google LLC
216.239.40.0	216.239.59.255	15169	US	GOOGLE - Google LLC
216.239.61.0	216.239.63.255	15169	US	GOOGLE - Google LLC
216.252.220.0	216.252.220.255	15169	US	GOOGLE - Google LLC
216.252.221.0	216.252.223.255	15169	US	GOOGLE - Google LLC
